soil_moisture,Moisture_Trend,Precipitation,weather_humidity,MaxT,MinT,Water_Sensitivity,Irrigation_Decision,Alert_Status,ID
49.36,-2.38,5.72,68.3,38.0,19.3,1,1,0,1
63.77,-2.53,8.05,25.5,37.2,18.3,2,1,0,2
58.3,4.06,7.6,88.5,22.4,14.4,2,0,0,3
54.97,-2.5,1.54,65.2,43.1,25.2,0,1,1,4
43.9,-2.28,1.49,24.1,34.2,21.9,0,0,1,5
43.9,2.59,2.68,96.6,29.1,31.6,2,1,1,6
41.45,-0.5,3.61,56.7,38.9,10.8,1,0,1,7
61.65,2.77,4.08,16.6,26.4,26.1,2,1,1,8
55.03,-4.35,6.8,66.4,37.3,29.1,0,1,0,9
57.7,-0.12,0.57,32.8,21.0,29.0,0,1,0,10
40.51,-4.66,0.35,82.3,41.0,32.2,2,0,1,11
64.25,-4.37,3.92,83.6,31.2,28.2,1,1,1,12
60.81,4.06,6.97,98.1,35.9,33.2,1,0,0,13
45.31,-3.61,1.93,55.2,25.5,18.3,0,0,1,14
44.55,0.32,6.42,50.9,36.9,22.6,2,0,1,15
44.59,-0.89,2.6,77.8,39.3,10.4,2,0,1,16
47.61,-1.53,8.86,21.9,31.8,10.2,0,1,1,17
53.12,4.0,8.96,59.2,35.4,16.0,2,1,1,18
50.8,-4.78,2.97,59.2,31.4,12.5,0,1,0,19
47.28,1.64,2.3,18.1,42.4,16.5,1,0,0,20
55.3,4.63,4.11,47.6,32.4,14.4,1,1,1,21
43.49,0.6,2.41,86.8,41.0,10.7,2,0,1,22
47.3,4.37,6.72,87.1,40.0,32.7,1,0,0,23
49.16,-4.48,8.26,18.9,30.3,10.2,1,0,1,24
51.4,-0.81,6.73,18.2,25.8,28.4,0,1,0,25
59.63,-2.4,8.24,33.6,30.2,13.8,0,0,1,26
44.99,2.31,3.97,88.7,40.7,32.8,2,1,0,27
52.86,4.81,1.56,21.6,25.7,32.3,0,1,0,28
54.81,-2.43,7.38,74.8,33.1,26.3,2,1,1,29
41.16,1.54,3.6,19.1,40.2,26.8,2,0,1,30
55.19,-3.02,6.71,66.1,28.8,10.1,0,1,0,31
44.26,0.65,2.71,42.0,36.1,34.6,1,0,1,32
41.63,-0.36,0.81,81.0,26.1,31.9,1,0,0,33
63.72,4.72,9.93,31.0,22.7,32.4,1,0,1,34
64.14,1.09,1.56,67.5,39.9,26.5,1,0,1,35
60.21,-1.5,9.88,31.2,22.5,18.6,2,1,1,36
47.62,-3.86,9.77,74.2,26.8,32.3,1,1,0,37
42.44,-3.49,7.94,88.6,41.4,17.3,2,1,0,38
57.11,-2.75,6.59,21.4,28.7,24.1,0,1,1,39
51.0,-2.49,5.78,88.0,44.3,12.5,0,0,0,40
43.05,3.51,8.66,63.4,44.5,33.0,2,0,1,41
52.38,0.61,2.89,21.4,26.7,13.5,1,0,0,42
40.86,0.23,4.68,48.5,21.0,15.6,2,0,1,43
62.73,-3.85,6.19,24.5,37.6,24.0,1,1,0,44
46.47,3.6,4.11,73.0,31.3,29.1,1,1,0,45
56.56,2.23,4.27,78.3,22.5,25.5,2,0,0,46
47.79,-4.32,3.3,19.5,37.7,15.8,2,0,0,47
53.0,2.08,5.64,55.6,20.8,10.0,1,0,0,48
53.67,0.44,8.51,83.3,41.8,28.9,2,0,0,49
44.62,-4.18,2.02,94.3,23.5,34.6,1,1,1,50
64.24,-0.42,9.34,56.2,23.2,30.2,2,0,1,51
59.38,-0.15,6.89,95.5,24.4,21.5,0,1,0,52
63.49,-3.34,8.23,58.2,44.0,32.6,1,1,1,53
62.37,4.46,5.56,45.5,37.3,20.2,0,0,0,54
54.95,3.5,7.8,86.3,40.0,23.1,2,0,1,55
63.05,1.69,0.16,54.4,29.9,21.9,0,1,1,56
42.21,-0.38,8.18,52.5,28.4,21.2,2,1,1,57
44.9,-0.88,0.4,54.1,25.9,29.4,1,0,1,58
41.13,1.51,8.9,86.2,32.0,23.2,2,1,0,59
48.13,0.45,9.92,84.9,33.8,17.9,2,0,1,60
49.72,-4.38,2.94,46.3,35.8,16.5,1,0,1,61
46.78,0.13,2.1,40.0,26.4,10.9,2,1,1,62
60.72,3.06,7.65,54.3,43.7,24.6,1,1,0,63
48.92,-0.41,2.53,61.5,24.2,15.7,2,0,1,64
47.02,-4.48,8.66,31.5,44.1,13.7,1,0,0,65
53.57,2.86,1.03,81.5,20.4,26.3,0,1,0,66
43.52,-2.99,1.26,53.8,32.0,27.0,2,1,1,67
60.05,-2.41,9.79,40.1,28.3,28.8,2,1,0,68
41.86,-3.35,6.74,19.6,31.2,22.6,2,1,1,69
64.67,-1.7,8.47,31.5,34.3,32.4,1,0,1,70
59.31,2.57,3.24,95.4,30.9,33.4,2,0,1,71
44.97,0.19,6.76,37.5,30.4,30.2,1,0,1,72
40.14,-2.95,5.94,25.2,38.3,25.9,2,1,1,73
60.39,3.78,6.03,51.5,37.1,17.6,0,1,1,74
57.67,3.8,6.83,37.6,40.8,34.6,2,0,1,75
58.23,3.71,5.75,13.2,26.2,16.9,0,1,0,76
59.28,-2.61,4.29,39.1,35.2,15.1,1,1,0,77
41.85,-0.49,2.76,59.0,34.6,21.1,0,1,1,78
48.96,4.85,7.69,59.7,29.2,11.4,2,1,1,79
42.9,2.72,2.26,42.1,32.2,34.5,2,1,0,80
61.58,-4.73,6.92,50.3,27.8,24.7,1,1,1,81
55.58,-4.35,2.33,96.9,23.5,23.9,2,0,0,82
48.27,-0.36,6.25,44.0,25.3,26.4,2,0,0,83
41.59,4.09,7.47,33.2,22.6,22.4,1,0,1,84
47.77,0.39,2.19,31.9,37.1,10.8,1,0,1,85
48.13,-0.02,0.6,51.2,36.5,25.3,0,1,0,86
58.24,-3.95,1.31,78.4,43.8,27.9,1,0,0,87
55.94,1.57,6.06,28.5,38.2,20.4,2,0,1,88
62.18,3.22,8.49,73.8,21.3,28.9,1,0,1,89
51.81,-1.2,0.45,11.9,42.1,15.7,2,0,0,90
42.99,2.76,7.34,47.7,41.6,15.5,0,1,0,91
57.83,4.64,3.41,79.8,31.1,14.0,1,1,0,92
59.02,-2.96,4.79,40.5,34.6,19.3,2,0,1,93
54.03,0.23,9.29,60.7,44.4,31.2,1,0,1,94
59.27,-2.13,3.32,28.4,33.3,30.7,1,1,1,95
52.34,2.93,4.65,76.8,42.6,19.6,1,1,0,96
53.07,0.78,0.14,14.7,22.1,24.7,1,0,0,97
50.69,1.35,0.82,86.7,24.8,28.0,0,1,1,98
40.64,2.98,2.59,27.8,31.0,16.0,2,1,0,99
42.7,-1.04,0.28,88.7,34.6,14.2,1,0,0,100
40.79,4.15,6.31,41.7,40.4,34.3,2,1,0,101
55.91,0.33,4.26,75.0,44.7,25.4,0,0,0,102
47.86,-3.42,5.48,38.7,29.7,34.5,2,0,0,103
52.71,1.96,1.75,91.5,21.2,18.4,2,1,1,104
62.69,2.93,2.96,21.4,40.0,27.6,0,1,1,105
46.23,-1.83,6.64,26.1,35.1,15.6,1,1,1,106
50.26,3.57,9.65,54.4,25.0,16.5,2,1,1,107
58.89,4.06,0.5,17.4,32.4,22.8,2,1,1,108
45.72,-2.23,8.9,27.6,38.6,18.0,1,1,0,109
41.92,4.84,5.77,94.9,39.3,14.2,1,0,0,110
47.24,-3.59,5.64,97.9,32.5,16.6,2,1,0,111
44.03,-2.98,5.0,43.9,27.6,10.9,0,0,1,112
63.24,-3.16,0.69,93.1,44.3,27.6,1,1,0,113
60.2,3.94,0.9,59.0,36.6,22.3,1,1,0,114
55.84,1.54,6.01,34.3,30.2,12.4,0,1,0,115
61.79,-3.48,3.41,73.2,27.0,14.3,2,1,1,116
60.09,-0.6,9.17,69.3,38.3,12.6,1,1,0,117
44.66,1.15,4.07,99.0,26.1,25.3,2,0,0,118
62.31,-4.17,1.43,33.9,24.3,12.4,2,0,1,119
53.48,3.82,7.15,70.5,33.2,28.9,2,0,1,120
60.19,3.04,2.93,14.7,27.2,10.5,0,1,0,121
62.4,0.05,5.25,20.2,35.7,16.2,2,1,1,122
47.95,4.67,6.98,10.4,22.9,32.3,2,1,0,123
42.75,-0.82,9.0,100.0,36.4,28.0,1,0,1,124
45.7,4.84,7.92,82.2,27.1,11.8,1,0,0,125
50.68,1.68,6.76,80.8,20.0,30.5,0,1,0,126
60.45,1.35,6.8,55.9,23.2,22.3,0,0,1,127
61.52,-3.34,9.46,37.0,43.3,31.2,1,1,1,128
40.17,3.82,2.96,23.6,41.7,25.0,1,1,1,129
52.77,-0.73,0.01,35.6,25.8,27.0,0,0,1,130
50.44,-3.38,2.72,43.8,39.5,34.8,2,0,0,131
45.55,-4.87,2.18,78.1,35.2,15.8,0,0,1,132
43.0,0.6,6.62,58.6,44.3,25.6,2,0,0,133
48.44,0.27,6.34,17.0,29.3,21.5,1,1,0,134
63.57,2.19,5.93,11.6,37.0,11.0,1,1,0,135
48.08,3.9,0.16,19.2,21.6,10.4,1,0,1,136
52.97,-4.21,7.29,46.9,29.9,13.0,2,0,0,137
57.58,2.31,3.24,94.0,44.1,26.2,0,0,0,138
49.09,-3.13,6.65,67.4,33.5,24.2,2,0,1,139
64.29,3.58,5.57,82.2,27.2,23.8,0,1,0,140
64.06,3.19,3.43,52.0,23.0,10.8,0,1,0,141
46.29,0.41,1.35,42.5,37.6,21.7,0,1,0,142
52.43,2.1,0.94,19.8,36.1,33.1,1,1,1,143
47.52,-1.86,8.32,88.8,29.3,19.9,0,1,0,144
47.12,-0.29,9.18,80.5,43.8,25.6,1,1,0,145
40.92,3.22,6.5,25.1,20.6,29.5,0,1,0,146
55.24,-0.41,1.03,56.1,27.6,29.6,0,0,1,147
52.57,-1.42,4.02,53.9,43.0,23.0,1,1,1,148
41.29,-0.06,7.29,66.3,28.0,31.4,1,0,1,149
46.97,3.28,7.8,95.2,26.3,19.8,2,0,0,150
62.71,-1.65,1.18,62.2,33.4,32.2,0,0,0,151
45.99,-3.26,0.0,58.6,40.6,16.0,1,1,0,152
43.62,2.12,7.12,14.5,22.6,17.0,2,1,0,153
52.24,3.26,3.57,15.7,43.6,11.3,2,1,0,154
64.64,-3.99,2.54,26.9,39.9,29.9,1,1,1,155
46.05,-2.6,0.13,12.9,24.5,20.4,0,0,0,156
56.8,-3.58,5.4,76.9,37.8,15.7,2,1,0,157
59.04,-1.52,8.51,75.1,29.6,15.8,0,0,1,158
45.94,-0.5,9.58,22.2,30.1,32.5,0,1,1,159
58.21,2.49,5.66,85.2,39.6,30.8,2,1,0,160
49.19,1.51,5.14,23.9,44.1,23.8,1,0,1,161
55.81,1.21,0.85,37.1,23.2,25.4,0,0,1,162
55.84,-1.48,5.49,32.4,30.5,21.9,1,0,1,163
53.39,3.41,3.8,43.5,32.0,19.8,2,1,0,164
42.26,-0.29,6.07,32.9,29.4,32.9,0,1,1,165
60.88,4.79,3.89,54.0,29.1,13.1,1,0,0,166
48.02,1.34,2.4,46.7,21.3,20.5,1,1,1,167
44.66,-3.74,0.95,98.8,37.1,18.6,0,0,0,168
41.02,1.76,3.15,15.0,30.9,22.5,1,1,0,169
54.77,-1.75,0.97,22.8,24.9,21.4,1,0,0,170
56.94,1.86,1.77,14.8,40.4,23.0,2,0,1,171
40.41,-4.3,9.87,66.3,40.1,13.5,2,1,1,172
52.8,-3.25,4.44,14.9,32.2,22.8,1,0,1,173
45.66,3.56,5.32,85.3,27.5,16.1,1,1,0,174
56.13,-2.73,8.74,56.1,36.0,14.6,0,1,1,175
44.36,3.37,9.96,57.4,27.2,11.6,2,0,1,176
57.27,-2.21,5.83,60.5,25.9,29.1,0,0,0,177
49.67,1.43,8.12,25.4,38.3,20.7,1,1,1,178
63.42,1.94,3.27,27.8,21.0,25.7,0,1,0,179
43.44,0.13,3.06,38.7,22.4,28.2,1,0,1,180
48.53,-1.95,4.03,63.4,20.2,27.0,2,0,0,181
42.84,-2.87,6.73,28.9,23.8,21.8,2,0,0,182
63.12,-4.67,6.82,20.5,21.7,19.7,1,1,1,183
61.93,-1.96,3.15,97.3,44.9,19.4,2,1,0,184
46.45,1.53,1.33,12.0,27.2,26.0,1,1,1,185
56.5,4.38,6.32,82.2,23.7,22.4,0,0,1,186
60.43,3.71,1.28,80.9,26.0,31.2,1,0,1,187
53.88,2.66,5.78,36.7,43.4,31.9,0,1,1,188
53.24,2.88,6.93,22.2,33.0,14.3,1,1,0,189
46.05,1.65,7.01,23.1,29.1,13.4,2,0,0,190
42.33,-2.4,7.53,72.8,41.8,25.8,1,1,0,191
62.43,4.07,8.73,67.9,29.9,17.5,1,0,1,192
62.51,1.71,5.0,80.4,28.4,10.5,1,0,1,193
55.83,0.6,7.3,94.4,25.2,32.2,2,0,0,194
48.48,-3.89,6.19,72.3,29.4,15.7,1,1,0,195
48.73,-0.53,1.87,24.0,27.9,33.2,2,1,1,196
58.15,-0.4,0.26,31.9,36.9,27.9,1,0,1,197
62.43,3.65,2.85,85.8,27.2,29.1,0,0,1,198
62.18,0.47,4.43,28.8,34.4,15.0,1,1,0,199
59.5,-1.2,6.17,16.5,21.6,15.9,0,0,1,200
56.05,4.77,8.5,73.3,24.8,23.0,2,1,0,201
42.1,-3.89,1.96,46.2,30.2,14.3,2,1,1,202
44.04,-0.77,1.26,92.8,43.4,17.6,1,1,0,203
62.46,-4.58,9.63,68.5,29.4,18.0,2,0,1,204
55.16,2.4,1.08,18.1,36.6,14.0,1,0,0,205
40.23,4.18,4.78,95.3,26.4,15.1,2,0,0,206
42.54,-2.2,5.86,33.3,23.2,29.7,0,0,0,207
56.59,3.58,5.41,40.3,21.5,14.2,2,1,1,208
40.13,-2.08,0.86,46.2,27.6,10.7,0,0,0,209
44.02,4.11,0.57,14.6,23.9,25.7,1,1,0,210
53.72,2.54,1.05,54.7,24.4,34.4,1,0,1,211
57.3,3.05,5.86,21.1,39.0,18.3,1,0,0,212
56.3,-4.82,5.44,46.1,20.4,13.0,0,0,0,213
45.61,4.63,2.34,41.6,33.9,24.3,1,0,1,214
57.8,2.27,6.38,79.6,29.5,32.7,1,0,0,215
45.93,-1.95,8.2,82.3,32.7,29.6,0,1,1,216
48.13,3.29,0.42,23.8,34.1,25.6,2,0,0,217
58.66,-2.18,4.98,43.0,27.8,17.9,1,0,1,218
56.24,3.73,6.89,43.6,27.4,23.5,2,0,0,219
61.23,-3.87,2.52,23.6,38.3,12.3,2,0,0,220
56.44,2.04,3.08,81.9,41.8,27.0,1,0,0,221
54.21,0.41,6.14,73.7,24.8,28.1,1,1,1,222
42.34,-4.03,8.98,27.1,22.4,34.1,0,0,0,223
49.19,-2.58,8.1,43.0,42.4,16.5,0,1,0,224
46.63,-4.88,5.83,19.5,28.7,10.5,1,0,1,225
46.1,-0.31,7.3,66.5,33.8,23.6,2,1,1,226
64.33,-1.99,3.65,20.9,29.0,27.7,0,0,1,227
49.83,0.98,6.41,98.7,23.1,29.8,0,0,0,228
62.3,-2.03,4.66,80.3,34.7,14.8,1,1,0,229
55.78,-2.0,1.9,45.1,33.1,16.5,1,0,0,230
59.87,2.43,7.02,62.1,25.1,22.8,1,1,1,231
52.57,-4.52,5.56,92.0,31.3,18.3,1,0,1,232
54.42,4.03,3.59,59.9,39.9,31.5,0,1,0,233
52.31,3.52,9.11,25.7,34.8,21.8,0,1,0,234
44.88,1.68,0.21,44.1,22.4,30.0,0,1,1,235
58.06,0.93,3.16,85.9,33.7,24.5,2,0,1,236
47.02,3.92,0.57,68.0,37.6,29.3,0,1,1,237
40.61,-3.15,7.67,68.6,39.8,18.3,0,0,0,238
56.14,-4.21,7.02,88.0,35.7,30.8,1,1,1,239
44.43,-2.6,3.31,90.5,23.8,16.9,0,1,1,240
63.51,2.95,6.76,92.8,37.8,23.7,0,1,1,241
63.85,-4.65,3.96,18.5,36.9,15.4,0,0,1,242
62.87,0.83,7.56,59.0,20.6,21.9,1,0,0,243
49.25,4.95,4.54,76.6,30.3,18.0,0,0,1,244
40.39,3.56,4.12,78.1,28.3,16.7,0,1,0,245
63.21,0.21,9.35,64.6,36.7,34.2,2,0,0,246
50.7,-4.36,2.51,25.0,25.4,14.0,2,0,1,247
64.17,3.31,1.2,81.8,34.8,29.7,2,1,1,248
64.09,0.99,5.85,74.8,42.8,34.6,2,1,0,249
61.33,-3.85,9.69,17.8,39.9,10.5,1,0,1,250
47.36,-4.06,3.78,51.7,43.0,27.5,2,0,0,251
49.63,4.1,0.62,25.7,44.5,16.3,0,0,1,252
61.28,1.69,3.39,40.4,20.3,11.0,2,1,0,253
47.92,3.29,5.06,11.6,35.6,20.1,1,1,0,254
44.24,3.79,1.62,46.0,30.3,33.4,2,1,0,255
53.92,0.72,6.58,59.5,41.5,10.3,2,1,1,256
63.4,0.17,9.98,65.8,26.3,24.7,1,1,0,257
57.4,-0.7,4.52,69.7,44.5,22.5,1,0,0,258
54.25,-1.83,3.55,85.3,35.3,31.8,1,0,1,259
42.43,-0.65,4.01,29.4,39.8,12.1,1,0,1,260
55.38,2.74,1.15,20.8,22.1,27.0,1,1,0,261
64.75,1.02,8.83,86.6,24.6,27.0,1,1,0,262
43.5,3.93,4.15,24.1,39.0,26.7,0,0,1,263
52.96,-0.57,3.87,97.7,20.5,33.6,2,0,0,264
61.93,1.07,6.6,85.8,40.4,30.6,2,0,1,265
58.52,1.31,4.42,55.1,20.3,11.0,1,1,1,266
57.43,0.92,6.48,98.3,36.4,21.8,1,1,1,267
57.56,2.03,0.61,18.8,29.1,19.9,0,1,0,268
48.99,-2.63,8.14,37.3,35.3,17.8,0,1,1,269
47.34,0.12,9.41,67.4,37.4,21.3,1,1,0,270
60.23,-3.96,6.49,41.5,28.6,19.6,0,0,0,271
60.25,-1.15,9.55,93.6,22.7,20.8,0,0,1,272
61.68,-0.12,1.51,15.9,21.7,34.5,1,1,1,273
62.83,1.52,4.77,59.4,34.7,12.2,1,1,1,274
52.78,4.51,6.02,63.2,33.0,33.1,1,0,1,275
52.54,1.01,5.82,68.7,38.6,22.0,1,1,0,276
59.96,2.44,4.01,33.0,32.7,25.6,2,1,0,277
56.25,0.06,3.38,42.8,30.6,30.8,2,0,1,278
57.55,1.34,1.27,85.9,30.0,19.0,1,1,0,279
59.89,-4.29,3.92,27.5,20.7,20.8,0,1,1,280
62.25,-2.46,1.63,84.4,28.4,20.2,1,0,0,281
48.45,-1.38,7.34,60.6,44.4,19.4,2,1,0,282
49.39,-0.28,2.09,78.6,41.8,33.1,0,1,0,283
42.35,-4.54,0.59,74.2,28.2,30.7,2,0,1,284
54.46,-3.6,5.52,28.7,34.7,12.7,1,0,0,285
40.9,-2.23,5.95,61.2,41.2,12.7,2,1,0,286
51.64,4.72,8.72,88.1,31.0,20.7,2,0,0,287
53.57,-1.69,5.77,48.9,20.4,12.5,2,0,0,288
47.16,-0.18,3.45,97.0,21.9,25.5,0,1,1,289
54.77,-3.04,8.03,50.7,32.8,13.6,2,0,0,290
40.76,1.11,5.4,22.9,44.2,23.1,0,1,1,291
40.93,-2.19,0.79,45.0,37.3,10.2,1,0,1,292
60.57,-2.93,5.66,95.7,21.8,17.9,1,0,0,293
49.0,0.17,9.08,38.8,24.7,26.9,2,1,0,294
43.18,-4.94,3.96,88.1,39.3,22.1,0,1,1,295
53.06,-4.92,2.96,89.3,41.0,34.5,1,1,1,296
59.25,-2.81,1.43,41.5,35.4,31.9,0,0,1,297
45.4,-4.63,1.51,17.5,36.1,19.0,0,1,0,298
55.57,-3.92,4.33,75.2,20.7,11.1,2,1,0,299
42.13,-1.61,5.96,38.0,40.7,31.1,2,0,1,300
41.29,3.03,0.81,80.5,39.7,32.8,0,0,1,301
53.28,0.72,9.4,49.8,26.5,30.5,0,0,1,302
53.52,0.13,7.55,53.7,37.7,13.2,2,1,0,303
55.94,-2.07,5.87,80.0,25.4,34.9,0,0,0,304
58.15,4.32,8.28,44.4,21.0,16.5,2,0,1,305
64.4,-1.03,0.8,49.9,25.0,28.1,0,1,0,306
52.91,-4.13,4.77,43.9,24.5,32.7,2,0,1,307
48.07,1.17,6.3,43.1,28.4,15.9,0,0,0,308
59.88,-3.86,8.29,57.3,30.5,32.7,2,1,1,309
46.77,-1.55,7.83,82.8,32.7,17.7,0,0,0,310
50.97,0.07,2.77,42.6,31.9,34.4,1,1,0,311
41.96,3.74,9.41,57.2,26.8,17.0,1,1,0,312
40.63,-0.06,1.24,70.4,20.7,33.8,0,1,0,313
64.07,2.02,8.75,34.2,35.1,11.3,1,1,0,314
60.9,4.93,9.71,35.0,29.9,27.7,0,1,0,315
57.4,-3.69,1.77,94.0,27.5,23.3,0,0,0,316
50.22,-2.25,7.22,75.1,41.7,21.9,1,1,1,317
44.33,-1.05,0.4,61.9,38.7,15.6,0,1,1,318
43.91,-0.78,4.05,68.3,41.4,27.6,2,1,1,319
46.26,-0.89,5.16,12.6,32.4,14.8,0,1,0,320
53.73,4.08,5.81,65.6,23.3,23.8,0,0,0,321
57.86,2.14,9.36,55.9,37.4,16.3,1,0,0,322
56.5,1.08,6.72,59.1,25.2,33.9,2,0,1,323
47.0,-1.91,4.81,42.3,31.0,10.7,0,1,1,324
63.87,3.24,8.1,17.3,21.6,15.0,0,0,1,325
58.45,4.55,9.51,27.4,40.6,16.1,0,0,1,326
53.86,3.21,0.22,95.6,23.1,20.4,0,1,1,327
55.29,-4.98,9.83,46.8,42.6,15.8,0,1,1,328
50.49,1.36,0.86,52.0,41.6,22.3,0,0,0,329
46.19,-4.49,8.14,14.7,31.6,31.8,2,0,1,330
48.9,-2.42,2.8,13.4,38.6,27.8,2,0,0,331
58.95,-4.4,1.32,74.5,35.5,24.5,0,0,1,332
40.36,1.04,4.4,58.4,40.1,12.2,0,1,1,333
42.9,1.87,6.44,55.8,30.8,27.3,1,1,0,334
41.15,-3.86,3.81,31.9,39.6,14.2,2,1,0,335
41.02,-1.16,0.55,77.0,31.6,29.7,2,1,0,336
61.39,-0.44,5.99,25.1,43.5,16.3,0,1,1,337
57.59,-1.31,9.02,27.1,32.2,20.4,2,0,1,338
51.85,-3.79,3.83,51.5,31.6,18.8,2,1,0,339
42.45,-0.81,2.16,35.8,39.6,31.5,1,1,1,340
52.29,2.51,4.43,32.3,40.5,13.2,1,0,0,341
51.84,-4.29,0.48,68.1,33.9,24.1,2,1,1,342
44.33,-4.2,8.2,68.6,24.5,13.6,2,0,1,343
50.85,-1.45,8.26,84.2,31.7,27.6,2,1,1,344
49.96,4.42,5.88,47.6,44.2,32.6,0,1,0,345
55.4,1.69,3.53,16.6,38.8,20.9,1,1,1,346
55.88,1.79,8.0,34.6,40.3,22.2,0,0,0,347
41.13,-1.38,5.55,98.2,20.8,33.2,1,1,0,348
49.37,0.94,8.26,63.7,31.7,23.0,1,0,0,349
55.65,-4.9,6.31,73.9,36.2,22.2,1,1,0,350
52.58,1.36,7.84,10.7,40.8,24.5,2,1,0,351
61.41,4.13,5.99,56.6,21.2,27.2,1,0,0,352
56.47,1.13,4.14,13.4,41.3,12.7,0,0,0,353
44.07,3.74,9.58,61.2,33.7,30.5,1,1,0,354
41.76,2.24,5.41,92.9,24.9,20.9,0,0,0,355
56.06,-3.79,6.05,97.2,27.9,11.8,1,1,1,356
40.66,4.02,2.2,58.6,27.0,29.7,1,1,0,357
54.64,-4.34,6.26,51.2,33.3,19.4,2,0,1,358
63.51,0.34,5.72,95.1,21.3,12.5,0,0,0,359
54.39,-3.58,1.85,70.6,24.0,25.8,1,0,1,360
49.7,-4.88,0.6,15.8,40.3,32.0,1,1,1,361
56.08,-0.78,6.04,51.9,23.3,32.2,0,0,1,362
51.46,-2.05,7.64,31.6,25.8,33.9,1,1,1,363
53.64,-0.14,5.23,52.3,31.3,31.7,2,0,1,364
63.54,0.77,2.27,51.0,32.9,10.1,0,0,1,365
49.65,-4.56,6.67,62.4,39.1,19.5,2,0,0,366
64.03,-3.77,0.8,42.1,31.2,30.5,0,0,0,367
62.63,0.59,4.42,24.8,39.7,19.2,0,0,0,368
44.89,-1.57,1.63,55.3,35.5,25.0,0,1,0,369
41.73,2.29,1.84,84.7,22.8,25.2,1,0,0,370
42.52,1.52,2.02,69.8,23.9,19.1,0,0,0,371
40.46,3.46,3.87,40.5,30.9,32.6,0,1,1,372
42.36,1.92,0.51,94.2,29.9,22.6,0,1,0,373
57.08,-0.7,3.98,92.1,38.6,21.6,2,1,1,374
41.78,1.73,5.12,28.8,34.5,34.9,0,1,1,375
47.97,-2.25,4.83,13.5,29.7,22.3,1,0,1,376
61.12,-1.94,3.83,76.7,24.3,14.5,0,0,1,377
40.58,2.89,8.39,84.5,25.7,22.8,0,1,1,378
60.36,-0.54,1.45,97.1,34.4,30.4,2,0,1,379
47.05,2.98,5.06,90.1,30.6,29.4,1,1,0,380
42.95,3.22,0.62,64.0,32.9,29.7,1,1,1,381
57.42,3.58,0.71,57.7,24.3,27.7,1,0,1,382
55.72,4.17,5.74,12.5,36.6,16.4,0,0,0,383
61.94,-0.69,5.66,32.2,41.3,31.6,0,1,0,384
58.38,-1.81,8.78,51.4,26.4,32.3,1,0,0,385
60.09,0.82,5.58,66.6,32.3,14.9,1,1,0,386
47.05,-1.29,9.6,60.2,44.4,13.3,2,1,0,387
44.44,1.01,0.49,76.8,28.3,34.4,1,1,0,388
58.77,2.06,0.98,35.2,34.9,31.7,0,1,0,389
60.17,1.88,0.44,60.8,22.3,32.3,0,0,1,390
64.76,-1.25,1.85,17.9,35.2,32.2,0,1,0,391
50.32,-3.33,5.41,47.2,22.2,23.5,2,1,1,392
49.3,-0.69,6.46,77.5,44.0,26.2,1,1,0,393
59.41,-3.57,0.46,72.4,37.9,23.6,0,0,0,394
48.52,3.9,9.46,99.2,39.7,11.3,2,1,1,395
63.27,-1.54,8.42,35.0,37.6,28.6,2,1,0,396
61.46,-3.46,2.97,54.8,34.7,22.6,0,0,0,397
50.72,-4.75,0.77,39.7,31.2,26.2,2,1,0,398
58.77,1.46,1.7,49.7,41.5,22.6,2,1,0,399
58.86,1.37,1.27,87.1,43.9,22.3,0,1,0,400
42.58,-1.59,1.23,71.6,32.5,14.3,2,1,0,401
62.56,-4.28,5.19,89.4,43.3,17.0,0,0,0,402
52.63,-0.9,2.46,28.3,34.6,14.0,0,0,1,403
60.66,-1.89,3.58,88.6,33.5,14.9,2,0,0,404
48.0,1.77,9.9,15.4,31.4,34.3,0,1,1,405
62.39,1.06,6.84,90.0,25.2,13.8,0,0,1,406
49.73,-1.35,9.49,39.6,20.1,16.7,1,0,1,407
40.27,-2.82,1.43,38.3,26.0,24.8,0,1,1,408
62.63,4.88,3.82,56.1,32.7,25.3,1,0,1,409
42.28,-0.46,5.55,94.7,29.5,13.8,1,0,1,410
47.98,1.88,0.77,14.3,31.2,29.8,1,0,1,411
63.75,-3.59,0.04,41.7,44.5,29.6,1,1,0,412
63.77,-0.14,6.7,87.1,28.8,15.9,2,1,0,413
54.34,-4.72,6.42,45.6,31.3,17.2,2,0,0,414
55.8,0.05,4.11,27.9,23.3,33.4,0,0,1,415
51.21,4.64,4.9,48.2,21.2,30.6,0,1,0,416
47.33,-1.16,4.15,44.7,39.4,27.4,0,1,1,417
48.22,-4.61,0.24,92.4,34.3,12.1,2,1,1,418
56.81,-4.69,3.35,78.6,39.0,20.5,1,1,0,419
58.81,-1.12,1.77,55.5,23.7,24.0,2,0,1,420
59.79,-3.4,0.98,99.0,34.3,14.7,2,1,1,421
59.74,-4.77,9.57,51.9,26.3,21.2,0,0,0,422
42.28,2.56,5.99,15.2,25.7,25.0,0,1,1,423
52.36,-0.41,7.29,33.6,20.3,18.2,0,1,0,424
41.44,-2.11,3.15,49.2,23.3,29.5,1,1,1,425
53.74,4.0,3.93,24.1,27.7,31.0,1,1,1,426
51.04,-3.84,2.37,95.3,22.9,18.1,2,0,0,427
62.19,4.56,0.97,79.0,44.6,31.0,1,0,0,428
48.77,-1.86,1.79,34.1,27.7,12.6,0,0,0,429
42.93,3.88,7.98,63.2,23.3,30.9,1,1,1,430
43.57,1.03,6.78,74.9,25.0,13.8,1,0,1,431
59.04,3.27,5.47,94.7,34.7,12.1,1,1,0,432
55.46,4.84,4.75,89.3,21.6,26.0,1,1,0,433
42.53,-2.12,9.22,56.4,41.6,21.8,0,0,0,434
42.1,4.61,0.73,79.7,44.0,32.7,0,1,1,435
57.52,-1.11,2.81,60.6,26.2,19.1,2,1,1,436
41.82,-1.14,3.5,59.7,31.3,17.2,2,0,0,437
60.55,-1.6,7.82,20.3,20.6,22.5,2,1,0,438
57.66,0.41,9.93,21.4,36.0,21.4,1,1,0,439
42.03,-3.46,2.41,57.7,30.3,18.6,1,0,1,440
42.12,0.54,8.74,34.2,26.8,27.3,0,0,0,441
64.67,0.42,8.31,11.9,25.2,29.0,2,1,0,442
49.36,2.62,2.25,75.1,36.4,31.3,0,0,0,443
49.27,3.34,3.99,12.9,30.4,34.3,2,1,1,444
60.32,-0.6,4.1,63.6,24.5,16.7,2,0,1,445
63.68,-1.98,9.78,58.5,37.2,27.9,2,1,0,446
64.65,-2.41,1.81,97.2,34.1,19.9,1,0,1,447
58.83,-3.05,7.99,53.6,41.5,26.9,2,0,0,448
49.41,-4.42,3.34,15.7,22.9,21.9,2,1,0,449
42.09,-1.58,7.31,59.7,39.6,34.8,1,0,0,450
59.43,-2.3,4.2,85.7,36.8,28.2,2,0,0,451
53.96,4.66,5.78,99.7,22.9,33.8,1,1,1,452
50.61,0.58,8.33,48.7,37.4,30.9,1,0,0,453
62.66,-1.53,8.04,38.8,31.0,32.6,0,0,0,454
42.78,0.8,8.66,91.6,43.6,30.4,1,0,1,455
52.32,-3.61,0.6,27.2,23.5,21.5,1,1,0,456
40.28,-0.56,6.92,65.4,36.1,16.3,1,0,1,457
51.72,1.26,1.4,46.5,29.5,19.3,2,1,0,458
41.41,-0.11,4.16,13.7,43.9,10.5,0,1,0,459
42.97,-0.98,5.49,41.3,28.2,23.1,2,0,0,460
42.94,4.94,4.03,33.9,44.1,22.6,1,1,0,461
56.23,3.8,5.2,71.7,42.5,23.1,1,1,1,462
58.65,1.23,9.97,95.4,26.8,34.4,0,1,0,463
54.58,0.69,1.35,34.1,40.1,32.8,0,1,1,464
64.05,1.21,6.75,83.0,44.9,14.0,1,0,1,465
49.37,-2.99,3.96,15.0,26.3,19.2,1,0,1,466
47.14,-1.05,1.33,58.4,30.9,20.6,2,0,0,467
61.71,-4.61,1.59,16.3,33.0,19.0,1,1,1,468
45.59,-0.24,9.49,94.1,27.4,30.0,2,1,1,469
64.08,0.43,8.8,79.0,20.4,23.1,0,0,1,470
40.3,-2.72,9.07,69.2,25.5,24.3,2,1,0,471
64.25,4.64,9.92,84.2,27.0,31.3,1,0,0,472
41.08,4.09,2.08,68.3,31.1,30.1,2,1,1,473
62.28,2.22,3.55,97.2,24.3,13.3,2,0,1,474
53.19,0.33,6.69,74.3,41.8,27.8,0,0,0,475
64.82,3.7,4.84,93.2,37.6,20.9,2,0,1,476
41.84,-3.69,4.18,56.5,22.1,17.4,1,1,1,477
53.85,2.91,3.58,20.5,36.3,11.3,2,0,1,478
64.23,-3.75,5.94,57.5,36.3,22.2,2,1,0,479
53.08,2.94,5.76,21.4,43.9,18.9,2,1,1,480
55.73,-2.24,1.61,63.3,20.1,16.3,1,0,1,481
57.39,3.77,4.72,53.4,26.2,27.4,2,0,0,482
51.36,4.44,5.53,66.0,43.2,29.2,1,1,1,483
55.69,-3.51,5.7,10.9,43.3,16.1,2,1,0,484
54.61,-0.37,2.1,27.5,38.0,11.2,0,0,0,485
62.53,4.81,7.42,54.2,39.1,31.2,0,0,0,486
41.14,-0.17,0.25,95.5,22.3,10.2,0,1,1,487
47.02,3.64,3.55,44.5,32.8,33.4,1,0,1,488
63.76,0.89,7.8,48.2,25.8,25.7,1,0,1,489
62.26,-1.25,5.64,74.3,24.5,18.0,1,0,1,490
51.39,-2.14,2.61,64.3,40.3,16.2,2,0,1,491
55.5,-2.97,6.95,36.9,23.4,10.2,1,1,1,492
46.93,2.62,5.67,47.0,31.7,15.9,1,1,1,493
44.7,-1.13,7.96,29.6,43.5,13.4,1,0,1,494
51.59,0.11,7.35,96.9,24.6,25.3,1,0,0,495
48.83,-0.08,6.1,21.8,44.4,14.2,0,1,1,496
54.59,0.77,4.88,43.5,44.9,23.2,2,1,1,497
41.94,3.66,1.33,12.3,33.9,24.8,0,1,0,498
64.36,4.81,2.61,30.0,24.3,17.5,2,1,1,499
64.66,-0.92,4.19,80.2,27.9,10.9,2,1,0,500
57.45,3.28,5.99,28.1,30.6,10.9,0,0,1,501
53.4,2.65,5.14,17.2,27.7,10.7,1,0,1,502
47.74,0.74,2.88,52.7,27.0,28.5,0,1,0,503
60.34,4.56,0.06,10.9,44.3,18.0,2,1,0,504
57.12,-3.0,4.96,17.6,23.8,29.9,2,0,1,505
44.07,-3.91,2.86,82.7,38.3,20.8,1,1,0,506
62.77,3.54,7.35,79.4,20.0,21.3,0,1,1,507
60.56,-0.61,0.24,92.4,34.9,22.8,2,0,1,508
63.74,3.47,5.85,86.9,42.9,27.8,0,0,1,509
58.14,3.93,9.41,71.5,27.2,16.8,1,0,1,510
55.34,-4.38,1.74,14.7,24.6,13.0,1,0,1,511
50.46,3.83,4.72,80.5,36.3,23.9,2,1,1,512
63.32,-0.52,0.91,86.1,37.8,18.2,1,0,0,513
61.65,0.1,6.26,81.9,37.2,21.1,2,1,0,514
41.13,1.27,5.51,55.8,28.0,26.2,2,1,0,515
40.66,4.26,4.07,31.0,26.3,22.4,1,1,1,516
49.41,-4.81,5.21,86.1,43.9,25.5,1,1,0,517
60.26,-0.23,8.97,75.4,43.1,23.6,0,0,1,518
64.68,1.88,1.96,98.3,31.4,28.5,0,1,0,519
43.76,2.23,0.23,24.0,41.2,27.6,2,1,1,520
54.85,1.93,8.62,30.3,31.3,23.4,0,1,1,521
49.52,-3.66,5.77,29.1,30.6,27.0,2,0,1,522
64.25,-2.01,8.91,81.3,23.9,31.8,1,0,1,523
61.05,-1.41,5.97,26.8,30.7,20.8,1,0,1,524
60.96,3.04,8.1,16.0,33.4,20.3,0,0,0,525
51.72,-2.21,4.3,99.9,20.6,29.1,2,0,1,526
50.37,-2.89,7.5,12.2,31.1,24.6,2,1,0,527
46.84,4.57,9.13,85.2,39.5,11.8,0,0,1,528
41.41,-4.91,5.72,42.9,37.0,32.3,2,1,1,529
61.62,4.98,1.81,85.7,35.9,10.8,2,0,1,530
60.32,1.77,2.69,59.9,42.7,28.7,1,1,0,531
64.99,3.28,1.99,91.1,20.5,29.0,2,0,1,532
64.92,-2.05,2.47,93.4,33.9,33.8,2,1,0,533
53.89,-4.86,3.06,10.8,39.7,11.4,2,0,1,534
59.22,2.38,5.55,16.8,33.5,24.9,0,1,0,535
63.62,3.34,5.88,32.5,28.1,20.7,0,1,0,536
61.24,2.4,4.26,70.2,23.4,18.3,0,1,0,537
46.18,-3.57,6.15,89.9,42.2,12.3,2,1,1,538
51.26,2.53,0.82,51.4,31.8,24.1,2,1,1,539
43.23,2.69,0.88,64.6,42.0,22.0,0,1,0,540
63.85,1.59,1.72,27.0,34.6,12.6,0,0,1,541
55.15,2.66,5.18,82.4,36.9,25.3,2,0,1,542
45.72,3.46,2.14,97.1,40.1,28.4,2,1,1,543
56.79,1.14,2.83,34.2,36.5,29.2,1,1,0,544
55.45,-4.11,4.0,54.5,30.0,32.6,0,1,0,545
48.95,-0.12,8.12,17.8,32.8,20.2,2,1,1,546
42.84,-4.22,0.14,60.3,40.1,33.8,0,1,0,547
56.79,-0.92,6.49,55.3,29.3,31.6,0,1,1,548
53.01,-0.93,6.69,23.0,29.7,17.4,0,1,1,549
59.31,-4.34,7.99,49.8,22.4,14.0,1,0,0,550
53.0,-1.51,9.33,40.1,42.9,20.9,2,1,0,551
61.3,-3.89,0.2,57.0,22.3,20.0,2,1,1,552
53.8,3.08,1.54,62.7,36.2,24.4,0,0,1,553
54.02,4.48,8.86,10.8,30.3,24.6,2,0,1,554
61.92,-4.28,4.59,78.5,30.1,28.7,1,1,0,555
50.09,4.55,5.65,74.2,37.0,22.7,0,0,0,556
43.35,0.23,6.63,43.0,21.7,12.6,1,0,1,557
40.72,-2.0,6.79,14.8,34.8,31.5,1,0,1,558
58.88,-4.23,9.32,77.9,39.3,17.7,2,1,0,559
55.51,0.01,9.97,96.0,40.7,34.3,2,1,1,560
57.6,2.95,7.2,31.6,24.3,12.9,1,0,0,561
45.32,2.07,2.87,39.1,42.4,34.0,2,1,0,562
43.41,-4.5,8.8,26.5,36.4,12.3,1,1,1,563
40.36,-4.27,0.49,61.9,42.0,15.8,1,1,1,564
48.76,-0.97,2.31,23.9,32.1,11.2,0,0,0,565
54.75,-2.05,8.97,42.1,33.6,27.6,1,0,1,566
49.81,-2.68,2.56,72.7,43.0,31.3,1,0,0,567
50.94,-2.19,2.21,60.4,42.5,20.9,2,0,0,568
62.6,3.03,1.38,44.8,31.2,33.2,0,1,0,569
48.71,4.29,8.59,47.8,26.9,24.8,2,1,1,570
52.85,-0.95,5.0,60.6,29.8,25.8,0,1,1,571
59.59,4.06,6.75,10.5,29.7,31.1,2,0,1,572
49.91,-1.79,2.39,17.1,27.2,17.4,1,0,0,573
55.55,-0.24,7.58,89.3,26.7,18.9,0,1,0,574
61.56,-2.74,7.6,17.0,41.5,32.6,0,0,0,575
63.74,1.4,3.13,73.6,21.7,32.5,0,0,0,576
43.68,4.79,4.11,92.8,36.9,34.4,0,1,1,577
63.16,1.03,2.1,34.4,24.3,32.5,2,0,1,578
52.3,-1.42,9.77,43.3,28.6,13.2,2,0,1,579
46.46,1.48,6.46,61.2,21.5,30.6,0,1,0,580
51.48,-3.77,9.35,89.4,26.7,20.2,0,0,0,581
64.5,3.89,3.03,94.8,39.2,34.8,0,1,1,582
52.32,0.03,7.82,76.6,42.1,21.8,2,1,0,583
48.22,-0.51,7.66,17.8,25.5,23.8,0,0,1,584
55.84,0.86,6.92,70.2,31.6,23.2,0,1,0,585
46.0,1.25,9.66,46.9,31.8,18.0,0,0,0,586
41.9,-4.28,3.94,52.4,41.8,11.9,2,0,0,587
43.22,1.83,1.31,14.4,39.1,32.4,1,0,0,588
43.2,-2.58,6.72,27.2,32.8,30.1,1,0,0,589
43.8,2.14,7.29,81.1,36.8,13.5,2,0,1,590
43.47,3.23,5.75,50.9,41.2,29.4,1,0,1,591
56.02,3.04,2.07,37.1,20.2,25.6,0,0,1,592
44.55,0.53,5.04,44.6,30.1,20.2,0,0,0,593
48.64,0.2,3.12,86.9,42.7,16.4,2,0,1,594
62.42,-3.57,4.27,77.4,38.5,31.5,2,1,1,595
51.85,2.75,6.45,34.5,33.6,27.5,1,1,0,596
56.69,-2.29,7.45,20.6,33.2,23.7,1,0,0,597
44.31,-0.03,2.32,32.7,28.7,25.2,0,0,1,598
44.81,-2.16,4.05,92.9,33.0,12.3,2,0,1,599
41.02,-3.66,2.69,62.3,36.4,21.8,1,1,1,600
44.22,1.3,1.99,58.0,30.5,14.8,1,1,1,601
46.96,-4.46,7.83,63.7,37.9,15.2,0,0,1,602
44.43,2.49,9.09,42.9,41.5,26.5,0,0,0,603
42.22,-1.82,3.7,82.6,23.9,32.8,0,0,1,604
43.02,-5.0,7.51,57.1,31.3,20.1,0,1,1,605
51.52,0.11,8.97,20.5,30.2,15.2,1,0,1,606
45.16,-4.53,8.46,21.6,37.2,26.2,2,1,1,607
49.11,-2.24,1.83,58.3,26.2,31.8,2,1,1,608
52.59,2.07,9.56,94.3,36.0,28.7,0,0,1,609
57.26,-4.37,3.77,37.8,41.9,31.7,0,1,0,610
40.98,3.39,3.39,88.3,30.5,23.4,1,0,0,611
59.99,-4.96,0.62,78.8,42.8,28.8,0,1,0,612
55.7,-2.53,4.86,32.3,44.8,13.5,2,1,1,613
42.04,2.41,1.09,13.3,22.7,18.7,0,0,1,614
61.84,-1.84,2.49,19.2,25.8,19.7,2,0,0,615
63.02,-3.98,3.17,75.6,43.8,22.8,0,1,1,616
41.53,-1.4,8.09,28.0,44.0,33.2,0,1,1,617
46.92,-2.3,8.75,43.4,22.4,31.9,2,1,1,618
60.16,3.43,3.02,55.2,20.4,13.4,1,0,0,619
58.71,-1.87,8.59,75.3,24.0,14.3,1,0,0,620
44.61,2.89,8.57,20.2,44.9,18.9,0,0,0,621
45.23,3.92,7.65,46.6,24.5,17.3,0,0,1,622
49.26,-0.66,1.47,53.7,32.6,25.4,2,1,0,623
52.11,4.1,6.9,58.7,41.2,32.6,2,1,0,624
55.46,-1.23,9.45,83.7,20.5,34.1,0,1,0,625
49.22,4.64,6.83,25.5,35.1,26.3,2,1,1,626
51.56,-4.11,3.32,82.7,26.9,31.0,1,1,0,627
58.69,1.87,5.01,72.4,41.6,23.1,1,0,0,628
40.92,-0.06,6.46,60.0,27.1,15.2,2,0,1,629
46.31,-1.12,5.11,73.0,37.2,23.1,2,1,0,630
57.83,1.33,1.2,47.1,36.9,23.9,2,1,1,631
62.38,2.04,3.12,22.5,25.5,28.6,1,1,1,632
52.79,-4.96,8.02,69.9,20.9,15.5,0,1,0,633
53.3,-3.33,8.61,57.2,30.2,19.2,2,1,0,634
42.68,2.13,1.37,67.5,27.2,19.1,2,1,0,635
51.19,1.66,9.52,40.4,40.2,34.0,2,1,1,636
53.32,4.66,3.29,91.6,40.0,21.1,0,1,0,637
46.06,2.61,6.62,62.9,31.4,28.9,2,0,0,638
46.73,4.51,7.52,17.7,35.2,28.8,2,1,0,639
49.43,2.03,8.12,50.5,35.1,16.6,1,1,1,640
40.5,-2.02,9.46,78.1,40.7,24.3,2,0,1,641
48.05,-3.95,3.13,81.5,30.6,32.4,1,0,1,642
45.29,2.82,8.59,54.5,26.9,21.9,0,1,0,643
48.19,1.44,1.32,90.5,26.6,33.6,2,0,0,644
42.99,-4.52,7.05,34.1,33.4,15.4,2,0,1,645
62.26,-1.4,7.42,47.0,31.2,11.9,1,1,0,646
54.84,4.57,6.78,90.9,31.0,32.3,0,0,0,647
56.98,0.0,2.52,90.7,22.3,31.2,0,1,1,648
59.73,-0.67,8.73,71.7,38.0,34.8,1,1,1,649
52.46,-0.42,1.69,87.3,25.3,27.0,0,1,1,650
42.17,-2.91,0.54,18.0,24.9,33.4,0,0,0,651
53.43,-1.31,7.17,87.8,30.3,30.7,0,0,0,652
54.67,-1.3,4.75,38.9,25.7,31.1,0,1,0,653
58.64,-4.48,8.49,26.0,34.6,24.2,0,1,1,654
50.79,2.68,3.83,31.5,29.3,19.6,0,0,1,655
43.19,-0.83,1.68,47.6,31.2,33.4,0,1,0,656
47.09,3.22,8.36,32.6,33.4,20.8,0,0,1,657
49.08,3.5,5.49,38.9,25.1,23.5,2,0,1,658
56.15,-2.88,1.89,22.1,23.9,21.2,1,0,0,659
54.27,1.57,7.2,36.7,42.0,24.1,0,0,1,660
48.9,-0.28,5.11,61.5,30.8,21.8,1,0,0,661
64.66,3.8,6.04,49.8,30.3,11.2,0,0,1,662
55.14,-2.84,4.61,41.2,20.9,32.1,0,1,0,663
45.93,1.78,8.29,77.2,32.4,21.1,2,1,1,664
42.54,1.08,8.3,90.4,33.9,24.7,1,0,0,665
43.82,-2.05,7.09,78.1,34.0,13.5,1,0,1,666
46.15,-3.63,1.05,39.9,37.7,10.1,2,1,1,667
44.02,1.52,8.39,77.0,24.4,16.1,2,1,1,668
44.66,2.39,6.71,23.7,26.3,27.6,1,1,1,669
47.13,-1.84,6.97,21.7,40.3,12.5,0,1,1,670
44.33,1.45,3.63,41.1,43.7,32.7,0,1,0,671
62.42,-1.05,8.79,82.7,23.4,15.4,1,1,0,672
42.01,2.13,7.25,32.2,32.4,15.1,0,1,0,673
53.11,-3.01,1.13,15.7,25.4,14.5,2,1,1,674
50.26,3.9,4.08,21.9,21.5,10.3,2,0,0,675
64.56,-2.13,8.86,87.3,28.1,29.3,2,1,1,676
42.8,-1.32,0.47,67.0,23.6,31.9,1,0,1,677
49.95,-4.42,9.61,32.8,37.7,25.4,1,1,0,678
64.24,-3.88,6.79,60.0,33.3,14.7,1,1,0,679
61.64,0.16,6.31,57.5,23.6,17.1,0,1,1,680
60.43,-2.32,2.71,69.0,20.2,21.9,1,1,1,681
46.45,3.35,2.49,31.0,40.2,33.9,1,1,0,682
44.27,-4.85,9.42,87.8,24.4,16.2,2,0,0,683
56.72,-1.21,2.98,37.8,35.2,28.3,0,1,1,684
63.23,-1.63,7.76,72.5,28.4,21.0,0,0,1,685
53.92,-4.81,3.93,11.5,34.6,17.4,2,0,0,686
54.29,-3.76,1.39,43.5,27.9,21.4,0,1,1,687
47.0,-0.86,0.11,41.7,22.2,11.8,1,0,1,688
59.24,-0.07,5.44,58.9,25.6,30.0,0,1,0,689
44.68,-0.96,9.76,16.5,24.7,16.1,2,1,0,690
48.09,0.31,3.69,81.1,30.7,28.1,0,1,1,691
50.64,0.95,3.57,29.6,36.5,11.7,2,0,1,692
52.69,-4.9,3.44,70.9,26.6,33.9,1,1,0,693
46.06,-0.36,5.21,82.3,20.3,14.8,1,0,1,694
42.87,4.63,4.41,60.6,33.0,32.1,2,1,0,695
55.27,0.19,8.8,76.7,35.1,30.2,1,1,1,696
47.22,1.78,5.06,69.6,44.1,34.2,1,0,0,697
54.53,-1.88,5.08,42.0,34.7,21.9,0,0,1,698
43.86,2.74,1.38,82.8,31.8,28.2,1,0,1,699
52.03,2.73,9.83,36.5,34.3,19.3,2,0,1,700
53.31,0.21,2.5,61.4,43.2,14.6,1,0,0,701
41.3,4.76,0.73,77.1,40.7,21.1,0,0,0,702
48.42,-3.74,6.63,44.1,28.1,14.1,2,1,0,703
43.36,-4.83,5.95,37.2,25.9,34.6,1,0,1,704
41.58,2.7,4.15,51.3,26.6,12.4,1,1,1,705
64.75,3.07,4.22,83.6,32.6,24.7,1,1,0,706
48.06,-3.8,7.85,93.7,38.6,25.7,2,1,0,707
60.25,-2.34,1.96,59.1,32.6,23.5,0,1,1,708
46.37,-4.82,8.2,69.5,21.7,26.6,2,1,1,709
57.04,-2.07,6.49,91.3,38.1,12.9,2,0,1,710
59.01,2.73,4.19,18.9,40.1,23.9,0,1,1,711
54.89,0.18,4.58,30.9,27.2,17.2,2,1,0,712
51.79,-1.52,2.57,73.8,36.6,33.5,2,1,0,713
50.3,-1.28,7.52,84.1,30.7,29.1,1,0,1,714
48.72,-4.99,5.13,87.1,42.2,34.3,2,0,1,715
63.24,-2.0,3.21,47.4,41.1,10.9,1,0,1,716
60.77,1.46,5.96,18.0,33.1,17.1,2,0,0,717
64.13,4.74,9.96,49.4,37.3,14.9,1,1,0,718
43.11,3.47,4.35,30.8,42.1,10.3,1,0,1,719
58.27,-4.76,9.21,36.2,32.4,16.1,1,1,1,720
63.46,3.99,3.45,79.5,27.8,27.0,0,0,1,721
44.53,2.83,0.55,16.8,38.8,15.8,2,0,1,722
41.66,2.8,2.04,84.5,25.5,22.7,2,0,1,723
58.53,-0.42,4.19,48.5,29.7,32.2,2,0,1,724
54.36,-1.02,2.2,63.6,41.6,27.3,0,1,0,725
61.05,-1.97,0.0,18.1,38.1,19.9,1,0,0,726
43.49,-4.34,9.15,40.4,30.1,19.3,2,1,0,727
59.88,-2.72,8.44,18.1,25.4,21.4,0,1,1,728
45.04,-2.53,7.42,96.5,28.9,14.4,0,1,1,729
44.09,-0.16,1.68,82.7,27.1,25.9,2,1,1,730
44.11,2.47,1.2,51.4,24.4,19.1,1,1,0,731
60.36,-0.26,0.68,30.1,38.6,31.3,0,1,1,732
56.63,-4.42,7.24,94.0,26.3,28.9,2,1,0,733
53.08,4.58,9.29,41.0,31.4,25.3,1,0,1,734
48.97,4.43,4.31,24.5,29.6,19.1,0,1,1,735
61.93,2.85,1.19,60.7,44.6,15.2,0,0,1,736
49.81,4.91,5.12,94.9,29.8,29.4,2,0,0,737
60.41,0.44,3.49,10.3,22.0,22.2,2,1,0,738
50.98,4.63,3.75,31.4,22.2,15.6,1,1,0,739
49.42,-4.24,6.21,94.5,34.8,14.9,2,0,1,740
51.57,-1.34,7.19,25.4,35.0,14.1,2,0,0,741
47.53,-2.75,1.11,20.2,30.5,29.4,1,1,1,742
58.69,-3.04,0.36,61.3,30.8,15.7,2,1,1,743
52.57,-3.59,9.94,87.6,21.3,23.2,1,0,0,744
45.81,1.22,2.33,52.9,32.9,21.3,1,0,0,745
62.49,2.81,0.54,99.5,32.6,24.5,1,1,1,746
49.6,0.78,1.9,71.1,23.7,31.9,2,0,1,747
53.59,-3.53,0.39,16.7,22.6,31.7,1,0,1,748
62.66,3.11,3.92,99.4,23.1,21.3,2,1,1,749
55.61,1.36,8.02,46.7,22.5,10.4,1,0,0,750
42.92,-1.12,3.41,35.9,35.2,20.7,2,1,0,751
63.5,1.74,4.44,60.2,24.9,25.2,1,1,0,752
55.69,-2.4,6.76,37.4,26.3,23.9,0,1,1,753
48.37,-1.55,5.09,17.8,24.3,26.3,0,0,1,754
43.48,4.17,8.61,10.1,43.9,13.9,0,1,1,755
59.85,-2.09,8.66,50.5,41.4,26.2,1,0,0,756
55.5,-0.3,0.1,85.3,25.8,14.6,2,1,1,757
53.34,3.9,7.78,61.5,28.2,28.8,1,1,1,758
62.35,2.08,4.61,99.9,25.2,18.5,1,0,0,759
59.71,-4.38,9.89,35.8,32.3,27.7,1,0,0,760
43.79,-3.53,4.83,35.2,20.5,11.2,1,0,1,761
47.79,-4.92,9.87,24.4,36.8,20.2,2,1,0,762
46.21,1.31,7.55,24.8,33.1,27.6,1,0,1,763
58.6,-0.52,2.49,35.7,42.5,15.7,0,1,0,764
40.84,-3.66,5.38,81.4,24.1,29.9,0,0,1,765
54.25,4.58,9.92,91.5,40.1,25.8,0,1,0,766
59.06,0.3,8.58,97.8,39.8,24.7,1,1,0,767
61.92,-2.58,0.97,30.9,23.2,18.8,2,1,0,768
48.55,0.01,7.06,89.3,30.0,22.1,2,1,0,769
60.53,1.8,3.46,39.5,24.3,24.9,2,0,1,770
42.77,-4.24,0.07,20.2,26.4,21.8,1,0,1,771
61.16,-2.25,4.03,88.3,26.6,27.5,2,1,0,772
43.19,3.07,2.35,67.2,33.9,20.8,0,1,1,773
49.93,-0.4,8.19,24.8,30.3,15.1,2,0,0,774
59.93,0.47,3.37,48.7,43.7,15.3,1,0,0,775
43.75,-0.67,8.28,35.9,23.2,10.1,1,0,1,776
45.73,-4.56,0.01,76.3,44.3,17.5,2,0,1,777
58.06,-3.34,3.08,50.8,25.8,28.7,1,0,1,778
58.0,-0.54,2.41,99.0,39.3,29.9,2,0,1,779
56.03,-2.91,2.34,14.9,28.5,15.1,2,1,1,780
57.35,-4.5,0.68,42.0,23.6,34.0,0,0,1,781
53.57,3.44,1.87,53.4,41.4,22.6,1,0,1,782
46.29,4.81,5.56,55.3,27.7,32.9,0,1,0,783
48.64,2.93,2.91,38.4,36.5,27.7,1,0,1,784
44.54,3.54,4.17,75.6,34.2,28.1,2,0,0,785
62.71,-2.58,3.77,88.7,31.8,12.1,1,0,1,786
54.58,4.61,8.76,94.5,32.4,15.5,2,1,1,787
50.02,-3.03,9.05,82.5,38.3,10.2,1,0,0,788
51.55,4.51,4.93,86.6,22.2,27.9,0,1,0,789
63.68,4.95,3.3,59.5,36.7,18.6,0,0,0,790
43.83,2.12,1.07,84.3,42.4,29.7,2,1,0,791
54.66,4.81,9.53,37.3,21.4,18.5,0,0,1,792
52.65,0.7,0.6,45.9,23.5,30.5,2,0,1,793
55.29,-2.4,2.98,38.5,37.9,13.3,2,0,0,794
40.45,-0.63,2.98,52.1,30.9,14.3,2,1,0,795
61.8,0.94,3.2,35.7,30.1,18.5,1,0,1,796
63.3,-4.27,1.64,96.5,23.4,20.2,2,0,1,797
54.13,1.22,7.83,38.2,32.7,18.7,0,1,0,798
57.42,4.81,1.22,18.8,23.2,29.1,1,1,1,799
63.06,-3.1,6.35,57.4,31.9,12.4,0,1,1,800
57.68,2.93,1.24,15.1,39.1,18.8,2,0,0,801
43.81,4.08,0.71,19.9,26.5,30.9,2,1,0,802
54.41,4.44,9.09,29.7,32.0,11.7,0,0,0,803
55.17,4.6,1.9,51.8,44.8,33.6,1,1,0,804
50.6,0.21,8.21,49.0,37.2,34.7,0,1,1,805
58.41,4.77,5.45,82.0,41.0,12.2,2,0,0,806
63.36,2.57,0.78,76.6,30.4,17.3,1,0,1,807
63.14,-3.38,9.55,48.4,39.2,19.3,2,0,1,808
51.27,-0.23,2.47,40.0,21.0,29.4,2,0,1,809
42.83,2.18,8.6,38.5,23.1,24.9,0,1,1,810
64.62,-2.53,1.69,79.7,25.1,26.1,2,1,0,811
60.97,1.41,8.54,14.7,30.0,28.9,0,1,1,812
43.12,1.67,0.13,11.2,41.1,12.9,1,0,0,813
63.02,-3.37,5.12,81.6,28.7,30.8,2,0,1,814
61.75,0.65,7.69,52.9,36.4,27.6,2,1,0,815
52.97,2.72,9.35,21.8,37.7,24.4,1,1,1,816
54.78,-0.01,9.09,31.2,34.7,32.2,0,0,1,817
49.98,-4.88,8.2,93.9,28.9,27.5,2,1,0,818
41.37,-4.91,8.88,87.4,34.4,15.0,1,1,0,819
48.38,-1.43,1.99,73.9,28.6,20.7,2,1,0,820
60.07,4.26,2.84,53.4,22.1,22.4,0,0,0,821
40.12,-2.71,2.89,56.8,44.8,11.4,0,1,1,822
48.34,1.34,3.77,97.8,23.2,33.9,0,0,1,823
49.95,-2.78,3.93,96.9,21.8,13.2,0,1,1,824
53.43,-1.78,5.45,29.4,42.0,27.4,1,0,1,825
63.0,3.48,1.6,83.0,27.5,22.7,2,1,1,826
48.66,2.29,6.91,27.8,36.3,10.6,1,1,0,827
48.67,-4.05,1.68,29.2,28.2,33.1,0,1,0,828
58.44,-0.71,3.1,70.8,29.8,31.3,0,0,1,829
51.31,-4.71,5.03,46.5,26.6,23.1,0,1,0,830
45.62,-0.19,7.96,93.8,28.6,15.7,0,1,1,831
51.31,1.62,7.39,18.0,30.3,13.0,2,0,1,832
43.52,-3.81,6.46,56.0,38.0,19.1,0,0,0,833
44.41,-2.11,1.56,92.7,32.8,16.4,2,1,1,834
52.46,-1.02,5.47,91.4,43.6,22.7,0,1,0,835
50.47,4.2,0.87,24.1,21.0,34.2,2,1,1,836
62.87,4.93,3.77,43.0,32.6,24.4,2,1,0,837
49.06,-4.55,4.14,65.7,34.6,32.2,0,1,1,838
54.51,2.61,0.4,24.3,43.0,26.3,1,0,1,839
55.81,-1.28,2.74,97.1,21.2,21.9,1,1,0,840
40.33,-1.08,9.56,92.3,34.3,31.4,1,0,1,841
56.59,2.54,9.54,25.0,41.3,21.8,1,0,1,842
44.45,4.18,3.52,20.9,26.0,31.7,1,1,0,843
64.03,4.51,0.43,17.7,41.9,17.3,0,0,0,844
43.72,0.77,1.79,91.8,20.5,13.2,0,1,0,845
50.37,-1.43,3.92,27.4,38.3,31.4,0,0,1,846
42.13,2.88,9.48,47.5,43.3,24.7,0,0,0,847
64.92,-2.49,1.41,50.4,36.4,32.2,0,1,0,848
52.55,0.64,7.64,63.9,31.0,33.4,0,1,0,849
54.88,-1.41,1.09,16.5,21.1,11.3,2,0,1,850
41.68,1.57,9.81,30.4,43.0,22.5,2,1,0,851
58.75,-2.6,3.82,93.8,31.8,19.4,0,1,1,852
45.25,-3.08,7.75,91.8,20.7,25.6,0,0,1,853
62.45,4.18,3.43,80.3,37.2,29.8,2,0,0,854
45.13,-3.98,6.28,11.7,32.0,17.0,2,0,1,855
44.77,0.06,1.92,39.4,23.1,23.9,0,1,1,856
40.91,-2.79,1.46,66.5,25.4,27.7,2,1,1,857
51.8,-4.61,9.38,34.8,21.6,13.4,1,1,1,858
54.12,-4.64,9.18,91.9,34.4,30.4,1,0,1,859
41.64,-3.25,8.87,67.1,35.6,25.2,1,1,0,860
59.39,3.67,6.25,16.5,32.6,33.7,2,0,0,861
51.33,-2.18,8.08,91.8,40.4,18.5,0,0,0,862
53.11,4.5,0.69,96.2,41.5,12.7,0,0,1,863
51.02,0.82,3.35,17.0,35.4,22.7,0,0,0,864
50.02,-0.63,3.14,57.9,20.3,12.1,2,0,1,865
53.99,0.8,6.36,37.3,37.4,34.2,2,0,1,866
43.88,0.17,3.56,45.4,30.4,11.0,1,0,1,867
44.55,2.59,1.49,26.2,34.1,28.8,2,1,1,868
61.54,-2.18,5.96,62.0,36.2,23.1,1,0,0,869
63.65,-1.47,8.14,96.2,28.8,19.2,1,1,1,870
49.33,3.94,3.82,55.3,42.9,11.6,0,1,0,871
46.77,4.46,1.32,17.5,23.3,25.6,2,1,0,872
56.1,3.93,1.97,65.8,36.8,24.6,0,1,1,873
50.22,-0.81,2.37,40.6,20.1,17.0,0,1,0,874
40.63,2.8,3.0,87.0,43.1,32.8,2,0,0,875
43.9,-0.24,6.43,49.1,22.8,17.6,2,1,0,876
57.9,-0.02,6.01,27.4,22.4,21.2,1,1,1,877
56.47,-2.95,6.96,27.2,28.3,23.6,1,1,1,878
40.68,0.91,3.63,79.2,29.3,12.5,1,0,1,879
45.55,-3.14,8.24,33.9,25.4,33.3,1,1,0,880
45.78,-1.68,2.04,79.1,34.6,19.4,0,1,0,881
56.8,3.55,4.69,28.5,31.1,12.0,0,1,1,882
40.49,-2.93,8.01,39.0,20.9,19.7,2,1,1,883
42.6,-4.29,1.8,51.9,28.0,25.0,1,0,0,884
60.0,-4.31,1.1,94.9,40.3,22.8,1,1,1,885
44.46,4.41,8.84,93.9,37.2,27.4,1,0,1,886
56.32,0.07,3.43,28.6,38.1,11.4,0,0,0,887
45.95,-0.91,6.84,42.2,37.5,17.1,2,1,0,888
42.49,3.11,0.25,23.4,27.8,30.5,0,1,1,889
46.08,3.36,6.9,55.9,22.5,12.0,2,0,1,890
58.06,-1.68,3.16,51.5,26.8,31.4,2,1,1,891
61.39,1.94,0.56,91.1,40.8,12.3,0,1,1,892
60.76,2.71,6.1,93.7,44.5,30.9,0,1,0,893
49.93,1.55,2.41,44.5,32.3,19.0,2,0,1,894
56.7,-3.48,3.87,54.3,20.2,25.3,0,0,1,895
45.12,3.76,0.81,90.7,23.5,13.8,0,1,0,896
47.33,0.39,1.47,82.6,28.1,11.7,2,1,0,897
62.41,-2.18,2.98,10.3,34.5,15.4,2,0,0,898
40.33,-0.75,0.9,38.8,21.9,13.2,1,0,0,899
42.14,-4.62,9.11,48.0,43.6,17.8,0,0,0,900
45.2,-3.72,0.06,30.7,29.1,22.9,2,0,0,901
40.66,2.66,4.84,28.0,42.8,24.7,0,0,0,902
44.54,-5.0,1.23,13.4,39.5,29.7,0,0,1,903
54.58,-0.83,3.08,67.9,38.9,26.4,2,0,1,904
50.54,0.23,9.26,33.6,35.2,25.2,1,1,0,905
62.32,-4.45,1.62,14.7,35.7,20.3,2,0,1,906
60.44,4.73,9.66,30.8,36.0,21.8,2,0,1,907
48.55,-2.74,2.06,82.2,35.7,20.4,0,1,0,908
46.49,-1.96,7.42,86.6,33.8,31.1,1,1,0,909
49.49,-1.96,5.47,53.5,44.7,15.8,2,1,0,910
54.76,-2.7,8.84,47.4,38.3,10.1,0,0,0,911
46.7,-4.99,5.54,98.0,39.4,26.3,2,0,0,912
55.6,2.29,5.35,28.1,41.8,15.1,0,1,1,913
50.24,4.67,1.95,29.4,25.4,32.3,2,1,1,914
53.8,-2.76,1.66,36.3,22.1,31.5,1,1,0,915
50.9,1.63,9.16,25.5,32.1,11.9,2,0,0,916
47.36,2.42,3.28,44.1,32.9,12.7,0,1,1,917
63.71,3.48,3.72,92.0,40.7,22.4,2,0,1,918
59.09,-0.77,7.6,65.4,31.1,25.2,1,0,1,919
43.5,-1.97,3.39,47.1,34.3,16.9,1,0,0,920
61.71,-1.75,9.52,94.1,33.2,27.9,1,0,0,921
52.19,2.13,7.38,14.4,21.0,24.9,1,1,1,922
62.36,3.17,5.97,28.9,35.4,18.1,0,1,0,923
60.0,-3.18,8.81,60.9,40.7,10.6,2,1,1,924
50.63,-1.29,0.5,65.4,23.9,28.8,1,0,0,925
40.56,4.02,2.57,13.6,34.9,15.4,2,1,0,926
46.72,3.07,4.65,46.3,34.8,30.9,0,0,1,927
53.54,4.85,2.27,68.4,24.1,20.5,2,0,1,928
55.84,2.54,7.44,72.8,23.1,24.4,2,0,0,929
46.45,-1.07,9.19,67.4,44.5,31.8,1,1,1,930
43.48,0.91,4.24,38.9,29.8,31.6,1,0,0,931
60.87,1.61,3.42,18.4,25.7,19.3,0,0,1,932
64.61,-4.22,9.62,48.4,24.3,15.2,2,1,1,933
53.14,0.44,4.45,21.6,36.7,29.4,0,1,0,934
44.29,2.09,4.89,95.3,35.2,20.8,0,1,0,935
46.81,-3.33,3.52,52.8,36.1,14.8,0,0,0,936
40.46,2.81,9.1,38.6,22.2,32.6,1,0,1,937
62.86,0.84,5.69,79.0,42.3,15.0,1,1,1,938
42.94,4.52,7.62,54.8,29.7,10.6,2,0,0,939
54.41,-4.58,8.12,37.9,27.8,10.5,2,0,1,940
46.85,-2.35,3.42,83.1,31.6,25.6,2,1,0,941
53.85,1.02,4.34,88.0,29.8,26.5,1,1,0,942
56.29,-2.03,8.48,70.6,41.6,17.8,1,1,0,943
60.74,2.14,3.63,14.2,43.2,18.0,0,1,0,944
45.16,2.59,7.94,61.0,27.6,18.5,1,1,0,945
40.27,-3.97,9.41,78.7,41.6,27.0,0,1,1,946
43.42,0.14,6.23,22.3,39.5,11.5,0,1,1,947
62.5,0.09,7.42,30.6,43.3,33.2,1,1,0,948
61.85,-1.31,8.05,89.4,26.1,15.6,0,0,1,949
54.94,4.33,8.45,11.8,34.4,35.0,0,0,0,950
55.01,3.28,3.95,77.7,26.9,14.3,2,0,1,951
56.63,1.97,0.51,52.6,40.6,29.3,0,0,1,952
44.38,2.14,4.02,50.2,20.1,15.6,1,0,0,953
62.86,-0.38,6.74,10.6,34.1,12.0,1,0,1,954
50.47,4.21,4.5,83.7,28.5,31.9,0,0,0,955
49.58,1.95,7.49,42.4,28.1,31.5,2,0,1,956
52.97,2.29,3.57,58.7,36.1,20.1,1,0,0,957
41.17,3.62,6.35,71.0,41.3,27.6,1,0,0,958
44.16,-2.26,1.86,73.2,35.2,23.9,2,0,0,959
58.45,3.07,7.49,96.0,41.3,31.3,0,1,0,960
42.07,-3.05,5.46,57.8,26.6,17.9,1,0,0,961
55.08,-1.55,2.04,46.0,33.0,23.1,0,1,0,962
46.13,-1.64,2.92,95.8,31.3,22.1,0,0,1,963
49.73,4.79,7.49,67.8,20.3,18.8,0,1,0,964
47.22,3.57,4.83,36.8,33.9,32.3,0,0,1,965
48.89,2.01,2.16,21.4,36.5,14.1,1,1,0,966
57.98,2.27,9.67,85.8,34.8,13.7,2,0,1,967
47.43,0.62,7.15,42.6,38.4,24.4,1,1,0,968
54.16,4.47,9.57,69.4,34.3,26.4,2,0,0,969
51.9,-0.04,4.27,52.4,21.7,14.9,0,1,1,970
56.59,-1.19,4.75,27.9,22.9,19.8,2,0,0,971
63.42,-3.37,8.98,64.2,34.9,33.7,0,1,0,972
58.31,2.86,5.25,15.5,26.9,16.2,1,1,0,973
45.37,2.34,7.07,47.2,22.0,26.7,1,1,0,974
40.78,-1.16,2.52,59.2,30.7,28.5,2,1,1,975
46.56,-4.75,4.47,49.2,33.9,21.2,0,1,0,976
54.88,3.39,1.23,77.4,28.2,33.4,0,1,1,977
41.29,-4.89,2.06,84.5,38.0,28.4,2,1,0,978
52.41,2.04,0.01,79.4,36.1,21.4,0,1,0,979
54.92,4.7,0.39,13.5,28.3,24.2,0,0,0,980
48.36,-0.62,9.77,27.5,38.9,27.3,0,0,0,981
59.27,-2.65,2.42,58.3,36.2,24.8,1,0,1,982
42.66,2.05,6.63,94.1,35.9,32.0,1,1,0,983
41.88,3.17,8.39,85.1,33.8,18.9,1,1,0,984
58.2,0.46,5.51,85.8,20.3,17.5,0,0,0,985
52.39,4.67,1.53,37.3,37.4,15.3,1,0,1,986
57.21,-4.48,7.28,48.7,29.4,10.9,0,1,1,987
50.87,0.05,6.0,52.4,43.6,11.1,0,1,1,988
46.16,2.18,7.31,24.2,40.4,31.8,2,0,1,989
60.48,3.63,7.7,12.8,34.7,27.0,0,1,0,990
59.99,-3.21,9.75,95.2,26.3,26.5,1,0,0,991
57.37,3.0,5.74,31.7,25.1,25.4,1,1,1,992
46.8,0.53,3.42,31.6,28.5,31.2,0,0,0,993
54.76,-1.03,6.48,17.5,31.9,22.0,1,0,0,994
49.02,-3.68,0.68,93.6,27.4,31.8,0,1,1,995
42.29,3.65,8.97,62.2,32.9,19.0,2,0,0,996
62.93,-3.43,1.19,70.0,24.1,33.2,0,1,1,997
43.42,-1.9,3.28,92.0,44.4,27.5,0,1,1,998
63.76,-2.1,8.16,41.1,22.7,16.4,2,1,1,999
51.15,3.71,5.97,65.9,43.3,24.1,1,1,1,1000
44.63,1.73,3.94,13.5,42.8,23.3,2,1,1,1001
53.55,2.97,4.73,26.8,33.1,13.4,2,0,1,1002
61.82,-2.5,8.55,84.8,38.1,24.8,0,1,0,1003
58.31,1.25,3.4,79.0,30.9,17.9,0,1,0,1004
60.16,0.72,8.7,41.6,35.8,11.3,2,0,0,1005
56.47,3.33,0.88,43.9,28.5,33.7,1,1,1,1006
57.31,4.06,7.77,58.0,27.5,26.0,2,0,1,1007
61.23,-4.88,8.48,10.0,34.5,31.9,1,1,1,1008
46.24,1.74,1.82,31.7,32.5,26.9,2,0,0,1009
52.24,-4.48,4.3,28.7,34.5,18.9,2,1,0,1010
45.53,0.49,1.65,32.5,27.2,22.8,1,1,1,1011
64.69,-2.12,7.07,82.5,29.2,26.9,2,1,1,1012
63.6,-1.93,5.35,35.2,22.1,34.0,0,1,1,1013
40.99,-1.47,6.35,27.2,21.3,16.3,2,1,1,1014
57.64,1.21,1.96,55.4,26.3,31.9,0,0,1,1015
63.13,-1.66,2.12,87.9,21.9,33.1,1,0,0,1016
44.51,2.33,0.41,31.7,22.6,26.8,1,1,1,1017
54.2,-0.95,3.22,17.1,40.3,33.3,0,0,1,1018
62.89,-4.32,5.6,42.1,21.0,19.9,2,1,1,1019
40.85,2.84,8.58,77.3,36.5,33.8,0,1,1,1020
57.44,-2.14,6.67,59.6,26.8,27.6,0,1,0,1021
47.43,-0.67,4.35,83.5,41.8,11.1,1,0,1,1022
63.11,1.85,9.53,96.4,32.1,32.7,0,1,1,1023
64.28,-1.68,7.19,81.3,27.6,22.1,2,0,1,1024
63.61,-4.43,9.3,64.3,32.9,21.5,0,1,0,1025
51.86,-1.26,5.28,54.4,29.5,24.2,1,1,1,1026
61.55,4.44,2.59,13.6,34.1,13.7,2,0,0,1027
61.11,1.42,0.53,98.6,22.9,21.7,1,1,1,1028
47.98,1.71,7.26,44.5,44.9,30.8,0,0,1,1029
60.72,1.32,1.21,23.7,30.6,10.4,0,1,1,1030
40.93,-3.01,3.03,70.0,28.7,16.8,1,1,1,1031
54.91,-0.82,5.32,35.6,37.8,10.1,1,1,1,1032
45.75,2.51,5.64,62.7,29.1,20.4,2,0,1,1033
43.01,-3.99,6.01,62.8,40.8,28.2,1,1,1,1034
41.92,-2.22,1.66,50.1,31.4,30.0,1,0,1,1035
57.41,-2.24,3.8,85.3,38.0,33.6,0,1,1,1036
48.5,-0.68,6.17,33.8,22.7,25.2,0,1,0,1037
58.12,4.8,9.7,50.4,41.2,16.4,1,0,0,1038
41.63,-4.32,7.28,58.4,38.4,33.1,1,1,0,1039
47.88,0.19,9.23,69.7,25.3,29.4,0,1,0,1040
53.49,-3.21,7.62,80.6,23.6,24.4,2,0,1,1041
59.77,4.71,5.92,45.5,27.9,27.4,2,0,1,1042
47.97,-3.87,1.92,68.1,44.4,33.1,2,0,0,1043
55.65,-0.96,6.67,23.6,26.4,27.8,2,1,0,1044
62.15,2.38,6.23,93.9,31.4,19.2,0,0,0,1045
55.4,2.05,6.02,44.5,20.8,27.8,1,0,0,1046
45.82,-0.77,4.9,75.7,29.9,11.0,2,1,1,1047
40.61,-1.53,5.29,11.8,34.3,19.7,0,0,0,1048
61.75,-1.02,3.34,28.5,43.8,20.2,1,0,1,1049
40.53,-2.36,5.19,53.8,32.9,14.2,2,1,1,1050
61.87,-2.95,1.98,89.0,40.5,10.6,1,0,1,1051
53.22,-0.17,8.05,57.5,33.7,13.3,2,1,0,1052
63.48,-2.31,1.86,93.7,21.0,26.4,1,0,0,1053
59.97,-2.13,0.85,53.5,27.9,30.1,2,0,1,1054
64.95,1.57,4.36,54.1,34.4,34.7,2,1,0,1055
48.77,4.69,6.58,20.8,43.8,18.7,1,0,0,1056
59.18,1.04,4.38,82.2,41.5,25.0,1,1,1,1057
50.05,-4.23,2.77,32.2,25.7,33.4,1,0,1,1058
52.0,-4.24,5.58,91.0,25.5,14.2,0,0,0,1059
55.69,4.51,3.47,92.0,25.0,27.9,0,1,1,1060
61.84,-2.03,9.33,94.9,43.1,28.9,1,1,0,1061
64.6,-4.08,9.23,56.8,41.3,12.2,0,0,0,1062
59.21,0.99,5.02,70.9,39.4,31.5,2,0,1,1063
50.44,1.24,3.28,80.1,29.8,30.3,1,0,1,1064
50.53,1.49,7.37,21.8,32.6,10.8,0,1,0,1065
58.44,-2.33,0.37,64.1,31.6,12.3,1,1,1,1066
45.97,-4.85,4.75,13.1,26.3,11.2,2,0,0,1067
42.76,4.65,3.36,54.8,32.6,18.4,2,0,1,1068
48.87,-2.49,9.21,23.9,20.8,22.7,0,0,0,1069
47.18,1.76,0.12,26.5,23.3,23.3,2,1,1,1070
47.41,2.07,5.53,42.9,42.2,16.7,1,0,0,1071
45.84,1.1,7.41,48.9,38.8,32.8,0,1,0,1072
41.05,-1.87,4.85,66.1,30.6,19.2,1,1,1,1073
40.45,-2.29,0.85,16.7,32.9,11.1,1,0,0,1074
64.69,0.98,9.72,55.3,29.2,17.5,1,1,0,1075
50.69,3.66,5.18,26.4,38.5,23.3,2,1,0,1076
49.61,4.47,6.14,61.7,39.6,20.2,1,0,0,1077
56.99,-3.94,2.37,67.4,39.1,16.8,2,0,0,1078
45.46,-3.45,4.83,60.1,38.1,13.3,1,0,1,1079
63.75,4.45,4.29,76.4,25.1,30.5,2,0,0,1080
59.66,2.37,0.75,40.2,28.4,34.9,2,0,0,1081
42.24,3.83,1.06,78.9,31.7,18.2,2,0,0,1082
50.44,-2.97,8.37,48.9,28.3,19.5,1,0,1,1083
61.98,0.88,2.4,53.6,38.9,25.5,1,1,1,1084
63.62,2.01,1.95,68.3,28.2,28.0,2,0,0,1085
51.69,1.8,5.05,11.7,23.5,19.8,1,0,0,1086
55.34,-0.92,7.69,68.9,30.0,32.6,2,0,1,1087
44.18,-4.85,0.62,65.7,44.5,24.0,1,0,1,1088
64.78,0.83,5.77,37.9,25.6,21.3,2,0,0,1089
45.79,-2.47,1.19,17.7,35.3,26.2,2,0,1,1090
63.57,-0.5,0.36,18.2,30.8,33.8,0,1,0,1091
56.24,4.58,0.53,93.1,21.8,29.9,1,0,0,1092
55.19,-1.01,8.34,72.0,32.2,11.0,1,1,0,1093
52.82,3.4,1.18,21.4,37.6,18.3,0,0,1,1094
45.77,-3.11,0.45,42.1,32.8,21.8,2,1,0,1095
44.41,1.72,4.38,63.3,41.8,17.9,2,1,0,1096
45.51,4.77,8.44,85.2,27.2,27.5,0,1,1,1097
44.66,-3.98,2.62,13.9,22.2,30.7,0,0,0,1098
59.49,-4.92,4.22,31.3,43.4,28.3,2,0,0,1099
48.75,-0.66,0.4,90.1,29.5,34.7,1,0,0,1100
41.45,-4.07,4.49,10.8,34.4,16.8,0,0,1,1101
64.23,2.48,5.78,28.1,39.8,31.9,0,0,1,1102
62.09,4.15,5.71,96.3,28.1,29.2,0,0,0,1103
63.19,-0.66,3.32,65.2,37.9,19.1,0,1,1,1104
64.87,-2.41,3.16,33.6,23.4,28.4,0,1,0,1105
44.35,-0.66,1.07,16.0,27.3,12.6,0,1,0,1106
49.91,2.23,3.67,12.5,23.6,29.7,2,0,1,1107
58.96,-4.91,0.99,32.0,40.3,23.3,2,0,1,1108
57.4,0.89,7.67,89.3,25.6,17.3,0,1,0,1109
43.85,1.13,9.66,47.4,37.9,26.4,2,0,1,1110
60.4,1.38,9.7,74.8,43.6,26.0,1,0,1,1111
45.61,-2.58,8.65,92.6,33.2,15.2,1,0,1,1112
45.6,2.14,6.01,46.7,33.5,10.8,0,1,0,1113
53.42,-4.09,7.01,27.2,31.5,20.8,1,1,0,1114
54.82,-3.01,2.85,56.5,28.1,24.2,1,0,1,1115
54.5,3.77,6.31,91.7,31.9,31.9,2,1,0,1116
42.29,2.39,4.56,82.4,35.1,33.2,2,1,0,1117
61.94,-4.86,4.82,15.9,44.6,23.2,2,0,1,1118
46.64,-2.52,7.58,72.3,43.4,28.8,2,0,0,1119
43.24,-2.86,2.82,61.5,41.6,21.0,1,1,1,1120
62.22,-2.29,3.18,91.7,42.2,28.7,0,1,0,1121
63.89,-2.52,9.25,21.0,31.7,15.1,2,0,0,1122
61.55,-4.37,0.56,58.1,36.4,19.3,1,0,1,1123
60.24,-0.41,4.86,89.2,42.4,25.9,2,0,0,1124
56.38,2.33,9.13,46.9,29.8,10.5,1,1,1,1125
53.77,1.07,6.1,53.4,44.0,28.1,2,1,0,1126
42.17,1.73,5.46,16.3,30.4,30.9,0,0,0,1127
50.21,-4.19,2.5,35.0,35.0,20.0,2,0,0,1128
49.32,4.51,3.43,39.2,37.7,21.2,0,0,1,1129
46.49,3.38,8.52,95.1,43.8,31.3,2,0,0,1130
58.09,3.05,5.59,35.4,26.1,29.4,2,1,0,1131
52.4,3.23,5.15,51.5,38.7,17.2,2,0,1,1132
42.03,4.33,1.0,70.4,33.0,18.1,1,0,1,1133
45.5,0.44,0.16,24.6,26.7,27.0,1,1,0,1134
57.08,-3.0,9.64,53.8,39.4,24.1,0,0,1,1135
41.9,1.17,3.77,76.5,33.8,14.1,0,1,1,1136
61.28,2.43,6.03,88.0,36.5,17.7,1,1,1,1137
52.38,2.38,0.8,66.4,28.1,32.5,0,1,1,1138
52.01,0.21,6.83,70.2,32.0,27.2,0,0,0,1139
54.81,-4.32,9.33,21.4,35.4,34.6,1,1,1,1140
60.62,-1.29,5.76,95.1,30.1,29.2,1,0,0,1141
48.7,4.21,1.26,21.9,25.0,33.5,1,1,0,1142
56.95,0.84,5.82,79.7,44.0,15.4,1,1,0,1143
54.14,0.38,7.66,33.8,32.8,29.3,2,1,1,1144
46.68,-2.31,4.06,94.0,38.3,10.5,1,0,1,1145
61.97,-1.32,8.8,74.8,30.3,26.8,0,0,0,1146
59.94,3.95,6.49,77.8,28.9,21.7,2,1,0,1147
56.46,1.66,8.99,29.7,30.2,18.7,2,0,1,1148
61.26,2.87,6.24,49.9,30.2,31.6,0,1,1,1149
61.68,-0.46,1.31,65.6,33.6,31.4,2,1,0,1150
57.71,1.3,3.1,79.3,33.6,10.6,0,1,1,1151
60.93,-2.52,2.02,19.4,32.4,25.2,2,1,1,1152
57.44,2.05,9.09,96.6,23.4,19.2,2,0,0,1153
57.0,-0.72,7.6,90.1,32.4,20.4,0,1,1,1154
55.47,-0.57,6.76,34.3,24.2,30.8,0,0,1,1155
58.82,1.49,3.01,84.0,23.2,17.7,0,1,0,1156
43.97,4.36,1.84,56.6,43.3,33.6,0,1,1,1157
62.02,-4.36,7.56,51.6,35.1,14.5,1,1,0,1158
61.8,3.25,4.74,38.3,36.5,26.6,1,1,1,1159
40.73,-2.08,2.26,62.3,30.0,26.8,0,1,0,1160
60.65,-0.56,6.17,75.7,42.7,16.3,1,0,1,1161
43.22,-4.78,0.4,47.0,35.9,18.1,0,0,0,1162
48.38,-1.99,3.26,66.6,39.2,30.9,0,1,1,1163
58.59,0.03,4.69,72.9,29.2,29.0,2,0,1,1164
44.02,-4.44,1.48,74.0,44.0,18.2,0,0,1,1165
60.45,-0.09,9.85,14.7,40.5,23.3,0,1,0,1166
60.8,4.27,2.09,87.4,41.3,11.5,0,1,1,1167
52.69,-3.95,1.3,51.2,24.3,15.2,0,1,0,1168
40.16,2.64,2.04,33.6,26.8,22.1,2,1,1,1169
47.18,-0.9,7.69,31.8,27.1,12.1,0,0,1,1170
55.42,1.55,4.26,53.5,26.8,31.1,2,0,1,1171
64.53,-2.4,5.65,89.8,41.4,28.0,0,0,1,1172
55.8,-3.41,0.21,44.1,20.8,33.6,2,0,1,1173
46.5,-3.4,0.34,77.5,21.9,27.3,1,1,1,1174
55.85,-4.3,4.46,18.7,26.8,33.5,2,1,0,1175
53.5,-3.14,8.17,52.8,25.0,23.9,2,1,0,1176
59.5,1.64,8.85,99.3,25.8,25.0,0,1,1,1177
42.67,3.82,0.87,79.3,39.9,34.4,2,0,1,1178
59.03,3.14,5.38,28.9,34.1,26.1,2,0,1,1179
53.53,1.85,9.13,55.1,20.1,10.8,0,1,1,1180
64.07,-3.9,3.88,31.0,30.7,28.1,1,0,1,1181
48.55,-2.11,8.3,46.9,30.2,32.6,1,0,0,1182
55.82,-1.9,1.34,80.2,22.8,29.9,1,1,1,1183
63.3,-2.5,9.35,79.4,36.9,24.6,2,0,1,1184
42.56,0.15,7.51,30.5,37.6,26.8,0,1,0,1185
63.43,0.36,9.41,93.0,38.0,34.8,1,0,0,1186
57.2,-1.43,6.77,63.3,38.2,12.3,1,0,0,1187
41.7,-1.46,3.63,44.2,20.0,26.7,1,1,1,1188
47.52,3.29,9.38,55.2,43.8,17.1,1,1,1,1189
57.7,2.89,2.76,64.5,40.4,26.0,0,1,1,1190
41.68,-1.92,3.32,60.4,42.6,25.2,1,0,1,1191
54.55,4.14,7.01,53.8,20.4,13.8,2,1,1,1192
48.65,4.53,7.65,55.4,43.3,15.2,2,0,0,1193
55.52,-1.73,9.29,25.9,40.2,25.5,0,1,1,1194
41.14,-1.46,2.05,83.1,40.9,13.2,1,0,1,1195
61.79,0.06,7.98,58.8,22.3,16.6,1,1,1,1196
64.34,4.41,7.39,21.8,38.5,30.9,2,1,0,1197
64.22,3.76,0.64,79.0,44.0,18.2,0,0,1,1198
58.74,-3.97,3.87,93.9,37.0,22.2,2,0,1,1199
43.25,-1.07,2.83,95.3,34.3,33.5,0,1,1,1200
58.96,0.53,3.04,43.2,43.6,15.7,0,0,1,1201
40.61,0.03,9.83,22.2,31.1,19.7,0,1,0,1202
40.55,-3.06,6.43,56.7,35.0,25.2,2,0,0,1203
48.09,3.59,7.18,20.1,31.9,28.9,0,0,0,1204
52.22,1.77,9.77,94.1,43.3,32.5,2,1,1,1205
59.26,3.38,3.77,26.5,21.9,32.9,2,1,0,1206
57.08,3.59,8.02,32.7,32.5,29.4,1,0,0,1207
51.15,2.48,4.35,46.6,37.2,15.7,2,0,1,1208
46.84,-0.61,8.7,44.5,39.8,10.6,2,0,1,1209
64.93,1.11,1.81,81.5,34.6,19.6,1,0,0,1210
50.65,-3.4,9.48,51.1,42.7,13.5,1,1,0,1211
51.28,1.74,2.19,25.4,43.5,27.8,1,1,0,1212
44.09,-3.21,3.26,34.0,21.6,26.5,0,0,0,1213
59.87,1.94,7.56,55.8,30.1,11.1,0,1,1,1214
57.34,-2.7,3.94,23.3,20.6,30.9,1,0,1,1215
45.52,-3.82,6.08,65.0,28.2,16.2,0,0,0,1216
42.06,-3.35,4.45,60.9,33.4,20.8,1,0,0,1217
57.01,-4.98,7.42,74.3,42.8,26.7,0,1,0,1218
56.36,2.19,2.28,94.4,41.2,20.7,2,0,1,1219
46.83,2.32,0.58,92.1,23.2,21.0,0,1,1,1220
63.77,0.15,3.0,95.1,22.3,11.6,0,1,1,1221
43.78,-3.39,4.74,32.0,34.7,20.0,2,0,0,1222
50.81,-4.16,1.68,21.8,33.3,29.1,1,1,1,1223
63.59,-4.81,3.55,37.2,26.7,32.9,0,0,0,1224
50.49,-3.34,4.0,90.6,42.5,20.3,0,0,0,1225
55.96,3.91,0.57,97.5,43.2,20.6,2,1,1,1226
49.94,-2.58,5.83,87.3,30.1,27.6,2,0,0,1227
46.86,-1.46,8.84,19.9,42.3,33.6,2,1,1,1228
64.6,-3.95,1.52,95.3,29.6,16.7,2,1,1,1229
50.23,-2.78,5.98,48.1,38.4,21.0,1,1,0,1230
62.35,0.19,6.65,10.8,31.9,29.9,0,0,0,1231
45.75,1.08,4.19,49.8,23.1,25.2,0,1,1,1232
45.33,-2.55,7.01,14.1,43.2,12.8,0,0,1,1233
40.78,-4.42,4.11,58.9,31.4,25.7,0,0,1,1234
56.29,-1.09,5.05,40.5,38.4,14.7,1,1,1,1235
49.21,-2.66,0.07,52.6,29.2,22.8,0,1,1,1236
61.61,-2.8,6.92,65.2,20.5,23.2,1,0,1,1237
51.83,4.6,6.61,88.2,22.5,31.9,1,1,1,1238
64.2,1.16,0.38,69.6,32.4,21.6,2,1,0,1239
44.64,0.57,3.68,49.1,37.2,17.0,2,1,1,1240
61.72,-0.84,9.79,83.7,28.4,15.8,0,0,0,1241
59.41,-0.71,4.21,91.5,37.4,31.9,1,1,0,1242
59.27,0.41,5.02,20.8,37.5,14.3,2,0,1,1243
61.12,1.96,9.1,57.9,37.6,20.6,1,0,1,1244
59.03,2.02,7.17,35.6,32.3,14.7,2,1,1,1245
55.66,-3.28,5.82,14.2,42.9,29.3,1,1,1,1246
43.28,0.0,7.98,70.2,32.2,21.9,0,0,1,1247
40.81,-0.88,8.64,87.6,31.3,18.8,0,0,0,1248
63.02,3.71,4.57,24.7,25.0,19.0,1,1,0,1249
55.42,1.31,4.75,83.1,27.7,31.3,2,0,1,1250
59.91,0.33,3.86,86.8,21.1,23.8,2,1,1,1251
52.04,-3.85,9.67,92.3,35.8,27.9,0,0,1,1252
42.93,1.06,6.97,33.9,26.2,32.4,0,1,1,1253
43.13,-3.83,0.83,91.4,27.6,32.5,0,0,0,1254
57.14,-1.63,8.63,38.9,39.3,18.2,2,1,0,1255
50.76,-3.57,4.81,59.7,28.2,33.8,2,1,0,1256
45.01,1.92,0.69,14.5,26.1,10.6,0,0,1,1257
52.29,-2.94,5.5,13.9,24.2,19.4,1,1,1,1258
41.61,-1.08,4.17,74.8,39.4,32.4,2,0,1,1259
54.55,3.96,8.78,50.0,23.2,16.9,0,0,0,1260
46.72,-2.96,2.04,33.1,31.3,16.8,1,0,0,1261
59.94,0.08,8.26,27.1,32.7,17.6,2,0,0,1262
47.76,-0.81,5.58,70.3,37.2,25.3,1,1,1,1263
51.38,-4.82,0.55,10.0,35.8,21.0,1,0,0,1264
40.29,2.93,9.72,82.5,40.3,28.2,2,0,1,1265
41.81,-4.31,5.13,17.1,21.1,32.4,0,0,0,1266
49.81,-0.26,2.91,27.2,27.4,26.9,1,1,1,1267
52.0,0.61,4.69,44.8,27.0,15.1,0,0,1,1268
55.0,1.28,8.58,53.6,23.7,33.3,2,1,1,1269
47.29,1.89,3.05,41.9,27.2,16.6,1,1,1,1270
57.37,-2.47,1.93,38.9,27.7,13.7,1,0,0,1271
61.5,-4.9,1.29,96.8,33.0,12.2,1,1,0,1272
59.5,2.23,2.98,67.7,36.6,24.1,1,0,0,1273
40.99,0.36,7.8,12.1,29.5,12.8,1,1,1,1274
52.01,3.36,4.72,48.7,38.0,13.5,2,1,0,1275
42.62,3.21,2.27,88.8,28.4,17.5,1,0,1,1276
46.05,3.43,1.66,37.1,27.3,17.0,2,1,0,1277
64.67,-0.15,3.33,18.5,33.5,25.1,0,0,0,1278
43.56,-1.66,9.4,78.3,20.6,30.4,2,1,1,1279
52.47,2.92,3.43,64.5,22.0,29.0,1,0,1,1280
55.45,-0.49,9.88,61.3,30.4,16.6,0,0,1,1281
57.56,-3.17,4.85,14.8,43.6,16.1,2,0,0,1282
53.99,3.55,1.79,22.6,38.0,34.1,2,0,1,1283
40.24,3.83,8.91,66.0,22.2,10.2,2,1,0,1284
48.16,-0.34,4.6,28.7,41.2,32.0,1,0,0,1285
52.94,-4.24,7.1,55.4,38.3,15.0,1,0,0,1286
42.2,-1.12,9.84,59.0,35.3,33.7,2,0,1,1287
48.77,3.04,0.5,35.5,40.5,18.6,2,0,0,1288
40.83,4.02,0.97,95.4,30.1,21.0,0,1,1,1289
41.96,-2.97,7.2,85.8,25.5,27.7,1,0,1,1290
49.92,-4.33,2.82,75.0,32.8,24.7,1,1,0,1291
43.32,3.77,1.84,17.0,33.7,17.9,0,0,0,1292
54.19,-1.11,0.39,19.6,33.5,23.8,2,0,0,1293
57.24,0.42,0.22,54.4,34.1,28.3,2,0,0,1294
60.01,4.68,7.74,24.5,43.7,11.1,0,0,1,1295
45.0,-4.33,1.34,98.0,42.6,10.3,2,0,1,1296
44.19,1.48,4.68,24.3,41.9,21.5,2,0,1,1297
42.61,-4.26,6.06,53.9,40.0,13.3,0,1,1,1298
55.91,-1.25,4.28,42.8,43.6,26.6,0,1,1,1299
57.66,3.04,0.27,67.5,22.5,15.4,0,0,1,1300
40.79,-0.67,7.84,21.6,26.6,20.8,2,0,1,1301
63.41,4.97,0.11,48.7,32.4,14.9,0,0,1,1302
41.3,0.59,7.62,34.7,41.2,23.7,2,1,1,1303
53.53,-1.79,8.93,89.9,32.6,12.9,1,0,0,1304
57.73,-2.8,4.33,13.7,38.7,10.6,1,1,0,1305
61.77,-1.49,5.36,92.2,23.5,11.3,0,1,1,1306
57.85,-1.27,4.77,85.0,26.3,33.9,2,1,1,1307
60.04,-4.31,3.89,36.8,38.3,13.6,2,1,0,1308
48.49,-1.3,8.87,81.0,24.1,27.7,2,1,0,1309
60.37,-0.36,8.94,12.8,28.8,11.7,0,0,0,1310
42.0,2.23,3.36,97.0,26.6,12.7,2,1,1,1311
62.37,1.57,6.15,57.4,28.7,22.7,2,1,0,1312
53.69,2.09,9.27,37.3,37.7,21.6,2,0,0,1313
60.43,-4.92,9.62,42.6,29.2,33.8,1,0,0,1314
51.31,-2.82,5.09,16.0,33.9,33.6,2,1,0,1315
56.09,1.62,4.53,99.0,22.5,29.5,1,0,0,1316
53.16,-0.16,2.79,13.5,40.1,25.1,2,0,1,1317
58.29,-4.95,9.59,68.9,29.2,21.4,2,0,0,1318
42.04,3.04,1.43,49.8,36.2,18.9,2,1,1,1319
41.51,2.73,5.8,95.4,38.1,33.7,1,1,0,1320
46.18,0.48,2.83,32.1,25.2,25.1,2,0,0,1321
43.99,-4.34,2.79,57.9,42.1,24.5,0,0,0,1322
61.79,2.67,4.05,53.4,35.4,15.8,2,1,0,1323
45.48,0.84,9.99,73.3,30.7,11.2,1,1,0,1324
64.4,2.82,0.55,16.1,24.6,33.6,1,0,1,1325
48.42,2.52,5.79,27.4,43.6,17.8,0,1,1,1326
44.55,3.03,0.83,29.3,38.9,21.1,0,1,1,1327
59.74,0.18,1.55,76.4,25.2,12.9,0,0,1,1328
56.47,-3.6,4.4,27.0,28.4,30.9,1,0,1,1329
52.45,1.71,5.1,61.6,40.2,10.7,2,1,1,1330
53.88,1.2,2.59,29.4,37.4,30.8,2,1,1,1331
57.98,2.42,3.16,87.5,39.1,13.5,0,1,0,1332
45.71,-3.3,0.87,94.8,31.0,32.2,0,0,1,1333
64.91,-3.05,3.03,56.7,37.9,28.2,2,0,0,1334
64.37,3.9,9.67,41.7,29.7,14.1,0,0,0,1335
56.26,2.5,9.45,31.1,25.3,24.1,2,0,1,1336
44.99,4.08,3.35,14.5,35.8,17.8,2,1,0,1337
57.01,2.59,5.71,34.2,44.4,14.5,2,0,0,1338
41.8,0.97,9.1,68.9,27.8,31.5,2,0,1,1339
40.77,1.54,0.06,58.0,31.5,20.1,1,1,0,1340
46.44,3.89,8.11,95.0,36.9,20.0,2,0,1,1341
51.57,0.79,9.48,45.7,33.5,14.2,0,1,0,1342
61.71,1.32,0.91,72.4,41.1,19.6,0,0,1,1343
58.18,-3.44,1.61,54.0,39.0,31.8,0,1,0,1344
58.57,-0.26,9.61,56.1,21.5,19.1,0,1,1,1345
50.64,2.16,5.38,34.1,45.0,33.8,1,1,0,1346
48.65,-2.29,0.14,50.9,38.8,33.7,2,0,1,1347
49.28,-2.98,2.58,52.4,41.6,13.6,2,1,0,1348
64.69,-1.86,4.5,73.6,36.3,14.4,0,0,0,1349
41.0,-2.58,6.93,94.7,41.4,31.6,0,0,1,1350
61.68,-2.85,7.33,39.6,22.8,19.8,0,0,0,1351
54.47,-0.75,9.95,13.8,28.7,10.1,2,0,1,1352
50.97,4.08,2.88,54.7,41.9,16.8,1,0,0,1353
58.13,0.07,5.38,59.0,25.0,24.9,1,0,0,1354
52.17,-3.12,5.33,25.2,22.0,30.0,1,1,1,1355
61.84,-4.23,4.06,78.4,39.7,13.3,1,1,0,1356
62.52,1.96,1.69,98.6,40.9,12.8,0,0,1,1357
50.54,-1.17,9.77,95.1,24.1,33.1,2,0,0,1358
46.92,3.22,8.53,27.7,41.4,28.8,0,0,0,1359
54.81,1.6,4.98,88.8,37.2,24.7,1,0,0,1360
62.81,2.96,6.03,73.4,33.0,29.2,0,0,0,1361
45.27,-2.28,2.27,50.8,40.8,20.7,1,1,1,1362
55.57,1.92,5.44,58.7,30.5,29.0,2,1,1,1363
55.79,-2.36,6.95,86.5,24.8,19.3,1,0,0,1364
58.33,4.39,5.15,53.2,27.1,16.1,0,0,0,1365
43.29,1.36,9.9,43.6,32.6,28.2,2,1,1,1366
57.9,-1.75,6.11,54.4,33.3,20.5,1,0,0,1367
62.73,-2.3,3.71,62.1,40.1,34.5,1,0,1,1368
44.49,-3.09,7.72,27.0,39.8,18.7,2,0,0,1369
45.94,1.95,1.7,91.1,34.5,33.0,0,1,0,1370
64.28,-2.81,3.85,70.7,39.5,33.3,2,1,1,1371
44.52,0.95,3.47,67.0,24.8,16.0,0,0,0,1372
61.36,-2.35,4.32,19.0,21.3,30.0,1,1,1,1373
52.31,1.62,7.82,64.4,41.8,20.8,1,1,1,1374
46.18,3.15,4.84,20.9,21.9,32.9,2,0,1,1375
61.77,2.78,7.94,17.1,26.2,21.3,1,1,1,1376
51.13,2.61,5.76,57.5,37.4,28.6,2,1,1,1377
52.87,-3.12,3.42,46.3,30.2,21.7,1,1,1,1378
48.98,-4.12,8.1,63.0,41.9,15.7,1,1,0,1379
54.82,1.99,2.38,18.0,27.4,15.0,0,1,1,1380
44.09,-1.32,2.24,48.8,20.3,20.6,2,1,1,1381
49.78,-0.68,5.05,25.7,27.5,28.9,2,0,0,1382
64.24,-4.69,2.61,98.8,34.5,25.1,1,0,1,1383
46.45,-2.4,0.09,60.5,29.4,27.2,0,0,0,1384
56.42,-4.66,6.48,71.9,33.4,17.1,0,1,1,1385
48.13,3.79,5.11,39.3,41.9,22.0,2,0,1,1386
59.34,-2.57,4.46,18.5,42.8,11.1,2,1,1,1387
43.27,0.57,9.67,97.8,26.6,30.4,1,1,0,1388
64.25,-4.61,5.71,35.8,31.6,34.7,2,0,0,1389
51.34,1.67,8.63,48.1,33.7,20.2,1,1,1,1390
45.9,-1.77,1.39,68.5,43.7,10.3,0,0,1,1391
41.84,3.98,5.69,12.2,45.0,14.2,2,1,0,1392
44.24,3.88,8.68,82.9,25.9,26.3,0,0,0,1393
52.99,-1.75,5.83,58.3,38.2,25.3,0,0,0,1394
48.43,4.01,7.18,35.0,29.5,29.7,1,0,1,1395
60.72,4.96,3.72,15.5,20.2,16.3,0,0,0,1396
50.77,3.25,0.92,24.6,20.2,29.1,1,1,0,1397
46.22,3.45,4.58,90.6,31.5,27.2,1,0,0,1398
55.43,-2.51,3.94,71.7,32.2,18.1,0,1,0,1399
57.67,0.77,8.67,32.5,20.6,23.6,0,0,0,1400
44.18,-4.33,2.44,15.9,37.2,13.7,1,0,0,1401
44.19,-4.05,9.67,72.2,27.4,21.3,1,0,0,1402
40.92,4.99,9.58,61.5,34.0,32.0,0,1,1,1403
58.41,-1.73,2.48,46.4,27.5,20.5,1,0,0,1404
56.6,2.48,3.48,42.7,24.2,31.0,1,0,1,1405
51.87,3.07,8.96,29.5,30.2,24.8,2,1,1,1406
61.1,3.58,9.67,70.3,25.8,14.8,2,0,0,1407
60.14,4.98,4.43,97.4,33.4,24.5,2,1,1,1408
54.63,-2.59,3.21,25.8,25.0,22.6,2,0,1,1409
61.71,-4.6,5.26,63.7,32.7,20.0,2,0,0,1410
45.15,-0.89,6.88,48.2,23.9,13.0,1,0,1,1411
42.8,-3.7,2.73,50.2,36.8,20.4,1,1,0,1412
46.74,-4.78,7.36,32.9,38.8,11.8,2,0,0,1413
41.43,-1.4,0.52,84.3,22.8,12.5,0,0,0,1414
53.28,2.84,0.49,53.7,31.7,20.4,2,0,0,1415
63.42,0.66,3.86,58.9,21.8,17.6,0,1,0,1416
40.98,-1.87,3.53,37.4,35.0,33.1,1,1,0,1417
43.05,1.54,3.16,26.4,26.6,19.4,0,1,0,1418
51.3,-2.68,4.91,17.7,33.2,28.9,1,1,1,1419
63.35,-4.86,3.21,74.3,32.9,23.3,0,1,0,1420
47.9,2.64,1.92,27.7,43.1,27.6,1,1,1,1421
52.68,1.24,3.09,72.1,33.7,16.5,1,0,0,1422
41.04,2.62,9.75,45.1,34.6,33.5,2,0,0,1423
43.71,-4.61,4.11,47.4,30.0,23.3,1,0,0,1424
64.67,3.37,4.45,52.2,43.7,30.8,2,0,1,1425
64.13,1.2,5.77,43.1,39.4,19.1,2,0,1,1426
40.12,0.63,9.83,19.1,27.1,12.5,2,1,1,1427
63.8,1.25,2.42,37.9,41.1,26.8,0,1,1,1428
55.98,3.64,6.81,69.7,30.8,10.2,0,1,1,1429
61.7,0.87,7.16,69.9,40.7,21.9,1,0,1,1430
51.37,0.81,6.07,35.8,40.6,14.8,2,1,0,1431
52.89,4.91,0.89,51.4,24.7,25.7,2,0,0,1432
52.22,2.57,6.77,27.4,37.5,34.5,1,1,1,1433
56.67,-0.58,0.64,28.9,27.3,21.6,2,0,1,1434
43.49,2.07,5.96,12.1,27.4,30.4,1,1,1,1435
40.75,-1.11,7.4,90.7,27.4,22.7,2,0,1,1436
47.7,-2.71,2.11,29.0,38.1,22.4,0,1,1,1437
57.62,0.97,8.42,30.5,25.7,33.3,1,0,0,1438
45.05,4.28,0.3,35.2,20.0,32.2,1,1,0,1439
56.84,4.29,8.44,21.5,37.9,29.6,0,0,0,1440
64.25,-1.58,4.6,67.5,24.3,17.4,1,0,0,1441
42.35,0.28,2.18,16.8,22.6,23.6,0,0,0,1442
56.82,-2.88,1.34,22.1,25.9,15.6,2,0,0,1443
51.09,4.96,9.53,68.0,29.5,21.1,0,1,0,1444
61.7,4.81,0.73,40.6,31.9,22.1,0,1,0,1445
44.43,1.5,1.99,73.7,21.1,30.8,1,1,1,1446
57.32,3.04,3.48,60.2,44.3,32.4,2,0,1,1447
60.95,2.15,6.2,33.0,37.9,20.4,0,1,0,1448
63.62,0.93,5.45,68.6,28.1,10.4,2,0,0,1449
57.08,-4.47,1.26,20.5,28.0,31.5,0,1,0,1450
52.43,-0.45,2.9,58.3,31.2,14.4,1,0,1,1451
55.45,1.75,2.39,49.3,35.7,25.5,0,1,1,1452
61.72,1.78,2.14,34.1,23.7,10.6,0,0,0,1453
54.27,-1.27,4.11,64.4,24.7,20.0,2,0,1,1454
40.76,4.42,7.04,88.4,41.5,34.6,0,1,0,1455
63.27,-3.33,2.17,99.9,26.4,12.5,1,1,0,1456
57.24,0.0,3.67,64.7,29.5,20.6,1,1,0,1457
56.91,1.91,3.91,46.4,41.8,17.7,0,0,0,1458
45.39,1.97,9.76,30.3,36.6,32.6,0,0,0,1459
56.47,1.49,9.55,33.1,28.5,31.7,2,0,1,1460
49.85,-2.25,8.0,53.2,37.1,15.9,2,1,0,1461
56.28,-3.44,2.42,43.1,20.5,12.0,1,0,0,1462
42.66,1.36,0.68,92.2,38.4,25.7,2,1,0,1463
56.45,0.99,3.17,43.1,32.2,18.4,0,0,0,1464
64.99,-3.21,2.67,43.6,40.3,26.8,1,1,1,1465
41.21,2.05,5.06,44.5,43.9,10.8,2,0,0,1466
64.43,-0.45,7.78,85.3,43.1,13.3,1,0,0,1467
50.17,1.68,8.58,68.6,42.7,27.2,0,1,1,1468
61.77,3.37,8.45,65.3,32.8,15.3,2,0,0,1469
59.56,-3.3,3.6,40.1,29.0,31.4,0,0,0,1470
54.18,-4.81,6.87,83.6,31.6,11.5,0,1,0,1471
58.46,2.79,3.13,13.5,37.2,15.4,1,0,0,1472
61.96,1.1,0.61,88.4,42.1,35.0,1,1,1,1473
50.1,2.0,7.02,56.1,25.2,20.8,1,1,0,1474
48.18,3.38,0.1,45.8,43.0,27.6,2,0,0,1475
56.69,3.03,4.09,54.7,40.4,14.6,2,0,1,1476
60.2,4.61,3.29,70.1,44.5,25.2,1,0,0,1477
59.06,0.36,6.93,11.1,42.0,28.2,2,1,0,1478
59.95,-0.12,7.66,88.4,27.0,17.9,2,0,1,1479
50.89,-0.98,3.04,50.2,22.6,30.7,1,1,0,1480
60.45,-3.46,8.12,40.9,22.8,25.1,0,0,1,1481
43.01,0.73,2.94,22.4,27.3,19.7,2,0,0,1482
53.61,-2.23,4.46,49.6,35.4,23.9,2,1,1,1483
40.14,4.21,7.27,54.7,40.1,24.4,0,0,0,1484
48.11,0.83,6.93,46.3,42.5,14.1,0,0,0,1485
49.16,0.93,9.87,71.1,35.6,20.1,0,0,1,1486
49.9,-1.45,2.25,47.9,20.1,18.6,1,0,0,1487
57.39,-4.48,6.62,96.5,24.7,20.0,0,0,1,1488
49.71,-4.68,6.1,63.9,22.5,29.0,1,1,1,1489
51.22,-0.77,9.15,82.7,29.1,22.1,0,0,1,1490
45.94,-4.15,1.56,19.8,32.5,33.5,0,1,1,1491
49.33,1.07,7.52,45.8,21.1,17.3,1,0,0,1492
45.68,3.81,5.68,40.3,28.7,20.4,1,0,1,1493
41.83,3.83,2.75,61.3,24.5,29.7,0,1,0,1494
55.09,1.59,4.74,87.5,36.2,23.7,0,0,0,1495
56.71,-2.89,3.34,17.1,31.6,23.7,0,0,1,1496
55.49,3.63,5.79,16.5,32.4,11.3,2,1,1,1497
51.59,3.86,8.89,86.5,30.7,20.0,0,1,0,1498
49.49,-3.03,5.69,29.2,43.9,16.8,1,0,1,1499
61.58,2.37,6.32,70.2,25.4,35.0,2,1,0,1500
52.98,-2.13,5.19,58.9,32.9,17.7,1,1,1,1501
51.98,3.03,0.51,85.0,38.4,32.1,2,1,0,1502
40.64,4.97,2.33,21.3,33.9,26.9,2,1,0,1503
48.53,-4.7,4.92,21.7,43.2,18.5,1,0,1,1504
49.5,3.97,3.1,60.1,29.4,23.6,2,0,0,1505
49.97,1.23,1.82,95.2,31.6,31.0,1,1,0,1506
54.5,4.73,5.04,47.3,22.2,32.1,0,0,1,1507
53.34,-0.35,3.23,39.4,35.2,14.0,2,1,1,1508
55.2,3.47,2.58,64.6,27.2,18.5,1,0,1,1509
59.12,-4.38,4.64,93.7,24.0,18.4,2,0,1,1510
60.32,-1.65,1.33,85.3,33.6,11.1,1,1,1,1511
57.95,-4.33,9.28,99.6,33.3,25.0,0,1,0,1512
63.89,4.75,8.68,12.0,21.9,31.4,0,0,0,1513
40.46,3.17,7.08,20.2,37.5,19.5,2,0,1,1514
44.89,3.53,1.06,64.9,35.6,28.5,2,0,0,1515
40.19,4.38,7.76,83.9,24.7,25.7,1,1,0,1516
56.19,-4.15,8.08,35.7,31.7,19.4,1,0,0,1517
62.45,-1.14,7.68,31.5,38.0,13.5,2,1,0,1518
46.09,-4.29,1.14,80.8,33.2,27.7,1,1,0,1519
63.18,-2.89,6.44,15.1,29.9,31.4,1,1,1,1520
41.51,-2.71,8.34,43.2,28.1,27.1,1,0,1,1521
63.36,-0.31,5.77,55.5,35.3,10.4,2,1,0,1522
48.79,-2.31,6.46,60.4,43.5,15.4,0,0,0,1523
42.54,-3.99,4.58,75.6,36.8,11.7,0,1,1,1524
52.15,-3.33,5.29,41.9,21.9,24.3,1,0,1,1525
46.42,-3.53,0.34,65.1,31.5,28.9,2,0,1,1526
47.12,4.73,6.39,62.7,42.3,12.8,1,1,1,1527
47.68,2.59,0.81,59.3,22.4,31.0,0,1,0,1528
60.08,4.68,4.35,67.6,44.7,23.9,1,0,1,1529
53.48,-0.6,2.93,33.4,43.7,27.2,0,0,1,1530
47.78,-2.22,5.45,17.6,22.0,34.3,2,1,0,1531
55.26,2.98,1.33,20.7,43.3,12.1,1,1,1,1532
57.9,-1.74,6.92,30.2,29.1,32.5,2,0,1,1533
46.82,-2.01,7.95,55.0,41.1,13.2,1,0,1,1534
50.34,-2.67,1.63,85.6,30.5,19.8,1,1,1,1535
43.05,-3.7,1.04,73.1,31.0,31.3,1,0,1,1536
44.53,-2.44,1.46,81.0,35.9,32.7,1,1,0,1537
57.03,-1.45,8.77,41.6,39.4,22.7,1,1,0,1538
44.54,1.74,5.28,46.4,20.8,24.9,2,1,0,1539
53.13,-4.37,4.67,45.4,34.8,27.7,2,1,0,1540
57.73,-2.89,1.07,27.3,24.7,30.8,0,0,0,1541
42.67,3.09,6.5,15.5,28.6,13.0,1,1,1,1542
54.18,-3.53,8.68,63.2,28.7,30.3,0,1,1,1543
46.41,-1.57,8.28,99.0,31.7,22.0,2,0,1,1544
64.07,3.65,6.26,25.0,28.4,21.3,0,0,1,1545
52.09,-3.45,0.75,14.2,22.7,20.6,2,1,1,1546
60.15,-4.17,1.12,80.2,23.6,22.7,1,1,1,1547
53.76,-0.15,0.49,32.7,20.8,33.6,0,1,1,1548
41.09,-1.98,2.57,84.7,31.8,23.7,0,1,1,1549
55.83,0.63,1.36,73.4,43.9,33.8,0,1,1,1550
63.79,3.04,2.6,95.1,22.9,14.5,0,1,1,1551
55.04,-3.63,3.85,46.8,43.7,28.1,1,0,1,1552
60.48,0.81,9.43,69.6,38.3,30.3,2,0,1,1553
62.11,0.06,6.1,51.8,35.9,27.0,2,1,1,1554
45.7,-3.56,8.35,66.8,36.1,25.2,1,0,0,1555
45.3,1.24,7.1,50.5,40.7,24.1,2,0,1,1556
55.27,-2.26,1.13,27.0,22.7,31.5,0,1,0,1557
50.28,-0.12,7.36,55.7,32.6,30.5,1,0,1,1558
61.0,-4.18,2.75,57.6,37.4,13.1,2,0,1,1559
62.5,-0.4,6.39,83.0,34.7,31.2,1,1,1,1560
48.84,-1.94,3.41,76.2,40.8,20.4,1,1,0,1561
45.92,3.22,9.98,69.7,21.8,16.3,2,1,0,1562
59.51,-4.43,2.64,20.2,37.3,31.7,2,0,1,1563
46.87,-0.81,2.79,74.9,33.4,20.8,1,1,1,1564
60.57,-0.42,9.31,55.0,29.5,30.2,1,0,1,1565
50.59,2.25,0.25,90.5,28.5,16.6,2,1,1,1566
56.69,0.74,6.97,92.8,35.5,10.1,1,1,0,1567
42.39,1.67,7.25,15.0,42.3,22.4,2,1,0,1568
55.6,2.77,8.36,83.9,32.4,12.5,1,1,1,1569
51.29,3.62,9.74,13.4,40.6,28.9,1,0,0,1570
54.67,-1.86,9.76,43.0,30.1,16.9,1,0,0,1571
44.2,0.38,0.65,58.8,22.6,21.1,2,1,1,1572
58.42,3.4,8.22,23.3,21.5,12.2,0,0,1,1573
61.57,4.89,6.46,77.2,21.3,17.2,2,1,1,1574
45.42,3.9,6.47,10.8,29.5,29.5,1,1,0,1575
42.39,-1.29,1.28,25.2,28.4,13.8,0,0,1,1576
40.59,-3.05,6.5,62.3,37.9,26.2,0,0,0,1577
56.05,-0.11,9.82,74.3,38.6,32.9,1,1,1,1578
55.18,2.42,9.12,92.5,21.3,27.0,2,1,1,1579
53.67,-0.07,4.39,73.5,25.5,30.3,0,1,0,1580
45.8,-0.17,0.4,70.5,26.9,12.7,0,0,0,1581
49.77,3.38,3.62,45.5,33.7,16.3,2,1,0,1582
54.86,-1.39,8.26,10.1,23.6,32.4,2,1,0,1583
52.42,3.6,7.01,20.8,23.3,27.9,0,1,0,1584
64.69,-0.93,4.59,58.1,43.6,26.0,2,1,0,1585
43.41,-1.72,0.55,70.8,40.1,26.6,0,1,1,1586
57.38,-0.46,4.27,47.6,24.5,20.4,1,1,0,1587
50.11,2.62,4.69,75.8,30.2,11.1,2,0,0,1588
50.7,-3.74,9.29,57.0,28.9,29.6,0,1,1,1589
57.94,-3.04,6.41,16.7,39.8,27.0,2,1,0,1590
57.31,4.51,3.12,27.3,32.8,21.8,2,0,0,1591
64.78,-3.25,5.25,85.6,23.2,32.5,0,0,1,1592
43.21,0.68,0.66,75.2,38.5,18.4,1,1,1,1593
42.6,0.79,9.73,90.5,29.9,17.4,0,0,1,1594
58.11,-0.1,3.6,20.6,26.6,31.8,2,1,0,1595
54.46,1.45,4.78,99.1,29.4,29.9,0,0,1,1596
46.85,-2.7,3.55,28.8,32.4,22.9,2,0,0,1597
41.99,0.53,6.83,11.1,28.6,13.3,0,1,1,1598
42.14,-1.28,6.62,99.8,26.0,15.4,1,0,0,1599
62.35,1.62,7.15,35.3,30.0,26.4,1,1,1,1600
44.8,-3.59,2.68,70.1,20.5,19.6,1,0,1,1601
48.08,0.71,3.16,25.9,39.3,30.9,1,1,1,1602
45.67,-3.15,1.25,62.2,24.3,33.7,0,0,0,1603
48.87,-2.21,6.56,91.4,21.1,30.1,1,1,0,1604
41.74,-2.81,0.4,38.8,36.3,19.4,0,1,1,1605
52.98,-3.17,5.98,70.3,39.3,29.7,2,1,1,1606
41.69,3.26,8.7,26.9,40.3,18.8,2,1,1,1607
60.01,-2.14,8.91,66.2,32.3,14.2,2,0,1,1608
45.84,4.27,4.49,40.3,25.1,10.8,1,1,0,1609
53.5,4.7,4.59,29.0,38.4,19.6,1,0,1,1610
62.0,0.71,0.77,38.2,37.5,32.6,1,0,1,1611
56.27,-3.57,6.71,26.1,26.2,16.0,2,1,0,1612
53.32,-1.25,8.21,91.2,42.6,15.2,2,1,0,1613
48.11,2.98,2.45,45.7,22.6,34.2,2,0,1,1614
48.33,-1.33,4.21,32.1,44.6,10.6,2,0,1,1615
56.74,-4.13,8.39,50.4,41.5,29.6,0,0,0,1616
64.85,0.57,8.77,38.8,37.2,18.0,0,1,0,1617
56.55,3.45,2.43,77.0,43.5,10.9,1,1,1,1618
53.94,2.96,5.51,97.4,38.1,32.9,1,0,0,1619
58.27,-3.25,1.92,49.4,24.8,13.5,2,0,0,1620
51.63,1.73,1.02,87.5,31.1,23.8,0,0,1,1621
41.5,-2.79,9.11,60.9,21.8,16.9,0,1,1,1622
54.06,-2.82,8.21,24.2,29.7,11.6,1,0,0,1623
63.94,3.74,7.6,72.2,38.5,11.2,0,0,1,1624
44.38,-2.5,0.49,56.2,29.7,12.9,1,0,1,1625
57.25,-2.37,8.44,68.6,28.3,11.8,2,0,1,1626
45.02,-4.99,4.38,90.1,34.9,29.0,2,1,1,1627
53.4,3.71,3.42,49.6,41.8,22.1,1,0,1,1628
42.42,2.93,5.46,91.1,21.2,18.6,2,1,0,1629
51.26,1.27,0.91,77.6,29.6,20.5,2,1,0,1630
58.9,2.5,7.57,54.0,24.0,33.2,0,0,1,1631
48.69,-3.48,5.82,64.3,37.4,32.8,0,1,1,1632
56.62,-0.42,1.87,39.3,22.6,27.9,0,0,1,1633
59.89,-1.49,1.88,98.5,36.6,32.1,0,0,0,1634
63.18,-4.06,1.84,70.1,27.2,18.0,0,0,0,1635
45.87,-0.14,0.57,13.9,25.0,19.5,1,0,0,1636
49.98,4.21,5.88,39.4,43.4,25.3,1,0,0,1637
43.81,-4.6,8.4,66.1,20.5,25.6,0,1,1,1638
64.81,-2.09,0.17,15.1,30.9,22.0,2,1,1,1639
63.18,-2.92,0.49,12.1,20.5,20.0,2,0,0,1640
53.5,-2.62,5.73,50.5,32.1,34.7,1,1,0,1641
61.05,4.08,8.19,39.9,32.5,30.5,1,0,1,1642
53.02,-0.32,3.27,49.4,28.0,20.9,1,1,1,1643
55.59,-0.34,3.5,33.6,23.3,28.2,2,1,1,1644
42.23,2.61,5.96,24.8,29.4,16.7,1,0,1,1645
58.88,-3.46,2.74,72.0,36.8,12.5,2,1,1,1646
43.19,-0.13,0.27,56.3,39.6,18.8,1,1,0,1647
60.65,-0.7,7.35,28.0,33.3,20.1,2,1,1,1648
59.55,0.97,6.26,38.8,34.7,10.4,1,0,0,1649
57.72,5.0,5.81,63.3,25.0,30.4,1,1,0,1650
40.9,2.69,7.42,16.5,27.2,19.0,2,1,1,1651
47.58,-1.02,6.75,23.3,24.0,24.5,1,1,0,1652
46.58,3.28,2.06,16.6,26.2,11.8,0,1,0,1653
49.0,-3.29,3.52,83.1,25.6,14.4,2,1,1,1654
42.19,-4.7,1.26,77.7,33.0,32.2,1,1,0,1655
63.42,-2.96,1.3,77.8,34.1,25.2,2,1,1,1656
53.85,-1.6,6.76,74.5,43.6,33.8,1,1,1,1657
47.64,0.11,8.59,70.2,24.9,35.0,0,1,0,1658
49.92,1.15,9.63,52.9,36.0,19.3,1,0,1,1659
51.18,4.11,6.28,67.8,40.4,17.5,1,1,1,1660
55.01,0.1,1.84,13.5,34.0,31.5,0,1,0,1661
52.89,0.01,1.06,65.9,26.4,35.0,2,1,1,1662
62.98,-4.5,8.13,80.0,26.6,25.7,1,1,0,1663
52.42,-4.65,5.79,55.0,21.0,29.9,1,1,0,1664
64.8,0.51,6.18,42.2,27.6,29.5,0,0,1,1665
61.29,-0.62,7.81,35.0,38.6,18.9,2,0,0,1666
45.21,3.39,7.03,67.9,21.2,24.4,2,0,1,1667
63.26,-3.39,8.34,72.4,25.5,30.8,0,0,0,1668
42.91,-4.75,0.56,88.4,37.7,27.2,0,1,1,1669
60.44,-0.51,7.48,40.8,39.6,10.5,1,1,1,1670
49.52,-2.63,8.51,79.3,31.4,18.4,0,1,0,1671
61.95,-4.5,2.86,60.5,37.5,13.6,0,0,0,1672
61.7,2.25,6.4,89.5,29.7,15.8,0,0,1,1673
60.15,-3.88,3.14,57.5,24.0,32.6,2,0,1,1674
59.75,1.08,9.58,56.6,30.0,10.9,0,0,0,1675
47.62,-2.19,0.33,62.0,34.5,15.5,1,1,1,1676
42.02,-3.27,5.8,77.4,43.7,17.7,1,1,1,1677
50.07,-1.2,1.67,96.8,21.7,25.4,1,0,0,1678
44.34,3.01,7.12,16.6,32.7,23.4,0,1,0,1679
57.37,-1.08,1.76,14.8,28.2,15.5,2,0,1,1680
48.65,2.51,2.35,94.4,32.7,14.1,0,0,0,1681
64.39,-3.75,4.94,57.7,20.6,15.9,0,0,0,1682
56.02,2.73,9.15,65.3,27.8,22.6,1,0,1,1683
60.56,-2.63,2.12,53.4,40.5,16.8,0,1,0,1684
43.31,1.77,1.44,18.4,33.8,33.7,2,1,0,1685
61.55,0.66,7.59,79.1,31.3,21.6,1,0,1,1686
63.07,4.29,5.01,77.3,27.1,11.5,2,0,0,1687
52.18,-1.13,9.12,38.1,27.5,28.2,2,1,1,1688
55.16,-4.34,1.47,37.6,29.6,18.2,2,1,0,1689
59.12,-4.81,6.46,85.4,40.9,26.3,0,0,0,1690
44.37,3.27,2.33,16.5,44.2,17.0,0,0,1,1691
52.56,0.25,1.57,89.3,31.0,24.3,0,0,0,1692
49.97,2.75,6.83,33.1,29.8,29.3,0,0,0,1693
43.66,-2.66,5.94,63.4,41.2,33.2,1,0,0,1694
49.19,-1.55,7.55,94.2,30.7,16.5,0,1,0,1695
41.7,-4.7,3.09,71.0,33.8,18.4,1,1,0,1696
40.65,4.61,4.48,47.3,25.8,21.6,2,0,0,1697
43.38,1.68,4.05,72.1,38.6,33.2,1,0,1,1698
64.08,4.33,9.84,41.0,33.3,32.5,0,0,0,1699
53.74,-2.35,2.92,35.0,40.2,12.2,1,0,0,1700
64.15,1.11,2.95,99.7,39.5,13.3,0,1,1,1701
50.81,1.78,3.55,77.6,25.4,22.4,0,1,1,1702
47.8,-1.82,5.65,68.0,37.9,12.7,1,0,1,1703
52.65,3.48,2.52,42.0,40.0,18.6,1,1,0,1704
50.99,4.47,9.15,14.4,28.7,13.7,2,0,1,1705
42.64,3.85,2.66,12.8,24.3,25.9,2,0,1,1706
56.02,2.39,8.96,59.9,20.1,33.7,2,1,0,1707
45.4,-2.23,1.03,78.6,31.3,34.9,2,0,1,1708
55.49,-2.18,6.57,58.4,28.8,19.4,2,1,0,1709
56.26,4.63,9.07,85.7,33.9,25.0,1,0,0,1710
43.8,-4.9,1.69,13.0,24.7,31.4,2,0,0,1711
41.53,2.16,9.68,43.0,41.5,12.9,1,0,0,1712
59.52,2.06,4.53,31.3,26.4,27.2,2,0,0,1713
51.5,1.23,9.46,50.3,25.7,20.2,0,1,1,1714
41.45,4.9,6.77,16.5,32.0,15.2,2,0,0,1715
64.87,-1.88,3.02,95.9,32.5,20.1,0,1,1,1716
41.44,-1.6,1.88,30.1,25.4,11.9,1,1,0,1717
57.38,-4.21,3.04,93.0,26.8,27.4,2,0,1,1718
64.59,-0.57,0.93,48.3,24.2,16.3,1,1,0,1719
45.98,-2.39,1.44,98.7,38.0,17.8,2,0,0,1720
43.56,-1.57,1.05,59.9,39.3,13.0,1,1,0,1721
43.03,3.35,4.23,93.8,31.6,31.6,2,1,1,1722
47.58,4.35,7.96,10.5,37.9,22.3,2,0,1,1723
42.53,-3.14,1.41,77.3,38.4,24.3,0,0,1,1724
57.3,-1.27,1.3,91.3,23.5,24.2,1,1,0,1725
41.56,4.29,6.43,22.6,44.2,20.3,1,0,0,1726
52.74,-4.38,1.97,18.7,40.5,14.8,1,0,1,1727
64.92,-4.08,0.98,48.2,25.1,28.6,1,1,0,1728
60.35,-3.37,1.67,94.0,24.7,13.2,1,1,1,1729
55.38,0.95,9.24,58.8,23.1,12.6,0,0,0,1730
47.66,-3.5,8.21,57.5,23.5,27.8,2,1,1,1731
55.6,4.68,3.54,22.7,38.7,15.2,0,0,1,1732
53.18,-0.53,6.56,10.1,31.7,17.7,1,0,0,1733
50.65,0.02,5.37,82.9,39.6,21.9,1,1,1,1734
43.27,-2.53,6.77,17.9,38.7,21.2,2,0,0,1735
62.17,-0.29,6.83,67.0,35.1,27.7,0,1,0,1736
51.24,1.62,6.29,92.3,37.2,25.6,2,0,0,1737
44.87,2.51,2.66,28.8,20.5,26.1,2,0,1,1738
49.19,2.54,0.39,69.9,27.8,27.9,0,0,1,1739
50.35,0.78,4.56,17.1,35.9,17.3,2,1,1,1740
60.69,4.04,8.91,64.3,20.2,18.1,0,1,0,1741
58.34,3.17,5.69,24.8,20.8,20.9,0,0,0,1742
59.23,2.57,8.32,76.2,41.3,17.7,1,1,1,1743
40.28,-4.44,9.92,37.1,37.1,34.6,2,1,0,1744
50.4,-4.93,1.64,51.7,26.6,30.4,1,0,0,1745
52.03,-2.88,6.92,63.9,37.2,14.1,2,1,1,1746
40.48,1.64,6.74,25.4,39.8,10.1,2,1,1,1747
46.5,-0.89,9.8,76.7,27.7,11.1,1,1,0,1748
59.01,-0.98,9.86,37.2,20.9,16.1,1,0,0,1749
43.43,3.85,6.87,69.6,43.3,12.9,1,0,1,1750
53.38,3.96,2.44,24.2,28.6,23.3,0,1,1,1751
45.38,4.09,7.99,71.9,22.7,31.4,2,0,0,1752
40.3,-1.86,1.07,21.5,32.3,28.4,0,1,0,1753
46.03,1.91,7.81,48.3,39.2,15.4,2,0,0,1754
64.4,-2.28,9.1,32.2,25.5,20.0,2,1,1,1755
60.04,-3.09,3.83,77.4,26.7,22.7,0,0,0,1756
63.99,-3.15,6.31,33.6,26.1,30.3,0,1,0,1757
52.2,-1.58,4.3,89.4,44.8,31.0,2,0,0,1758
42.74,-0.7,4.38,90.3,24.9,32.7,1,1,0,1759
53.7,3.31,3.1,27.7,34.4,22.7,1,0,0,1760
51.36,-3.8,7.62,65.2,43.1,27.4,1,0,0,1761
61.11,2.35,9.36,17.9,23.7,12.8,1,0,1,1762
42.45,0.31,9.41,45.2,44.3,24.1,2,1,1,1763
52.21,-2.12,1.75,74.2,43.7,16.2,1,1,1,1764
43.75,-0.07,8.75,69.3,42.1,20.8,1,1,0,1765
48.12,-2.0,7.37,66.2,25.4,25.9,1,0,1,1766
58.43,0.96,2.53,35.4,35.9,16.4,2,1,0,1767
51.9,-0.66,0.67,44.0,39.0,11.3,0,0,0,1768
49.4,-3.36,2.68,19.3,44.7,10.3,1,0,0,1769
49.86,-3.83,9.12,74.7,24.5,10.6,2,0,0,1770
51.49,0.47,6.33,55.3,39.2,10.2,2,1,0,1771
59.63,4.02,7.21,73.8,28.5,12.8,1,0,1,1772
62.3,-1.56,2.57,32.4,24.4,16.0,0,1,1,1773
63.88,2.33,7.19,39.2,30.5,15.5,0,1,1,1774
59.67,1.59,0.28,40.1,39.8,34.7,0,0,0,1775
47.89,4.32,3.75,12.3,31.6,17.7,2,1,1,1776
57.2,3.21,6.27,40.7,33.4,13.2,1,0,0,1777
50.94,0.67,1.46,82.3,44.9,23.6,1,0,1,1778
46.37,1.57,8.23,90.8,30.0,31.4,2,1,1,1779
61.02,3.98,2.35,56.6,35.4,27.0,1,0,1,1780
40.96,-1.0,6.52,51.0,29.1,17.4,1,0,1,1781
62.54,-1.73,4.05,12.8,29.8,24.0,0,0,1,1782
51.54,-4.89,5.96,89.1,37.4,27.9,1,1,1,1783
55.93,3.27,1.07,11.2,43.4,28.2,1,1,0,1784
56.48,3.01,0.17,95.0,33.6,26.7,2,1,0,1785
62.38,-3.96,9.1,54.0,39.2,31.8,2,0,0,1786
55.92,0.77,2.7,40.8,22.2,31.8,0,0,0,1787
55.35,-0.36,8.2,93.2,25.3,24.5,2,1,0,1788
41.67,-3.81,9.99,12.2,32.6,20.7,0,1,1,1789
52.96,4.81,2.11,62.3,20.5,26.0,0,1,0,1790
43.75,-2.85,2.65,59.4,26.3,30.5,1,1,0,1791
58.44,-4.33,6.63,29.7,32.9,10.1,0,1,0,1792
52.81,0.95,9.65,48.6,20.4,34.8,1,0,0,1793
57.01,2.39,9.16,68.7,26.6,14.6,0,1,0,1794
41.04,-4.68,5.03,75.4,32.9,21.8,2,0,0,1795
42.12,1.59,7.95,10.1,34.3,31.8,2,0,0,1796
57.91,0.32,1.36,94.3,43.1,15.6,2,0,0,1797
41.8,-3.97,9.77,24.8,36.1,21.9,0,0,0,1798
41.78,-3.27,9.64,31.0,30.4,13.3,0,1,1,1799
40.3,0.68,1.64,33.7,43.3,19.9,1,0,0,1800
63.91,-2.04,2.99,13.4,39.6,14.4,1,1,0,1801
58.44,4.38,1.0,21.1,25.0,19.1,1,0,1,1802
48.83,3.19,2.72,98.8,23.3,19.3,1,1,1,1803
47.41,4.84,8.16,38.4,36.9,34.8,0,1,0,1804
48.74,-2.4,3.78,20.4,34.0,34.9,0,0,0,1805
59.37,4.7,0.88,19.6,39.7,12.9,1,1,0,1806
56.53,-0.69,3.42,74.8,38.5,28.1,0,0,1,1807
44.63,-1.52,9.81,86.9,35.6,11.3,0,1,0,1808
44.35,-4.5,6.3,33.1,44.7,10.8,0,0,1,1809
42.46,-4.47,4.16,11.9,33.3,12.6,0,0,1,1810
56.51,1.92,1.67,30.1,22.8,34.1,1,1,1,1811
59.11,-0.42,9.86,15.1,40.7,33.5,1,1,1,1812
46.63,-2.73,8.21,19.3,26.3,14.8,0,0,1,1813
40.52,1.14,2.81,48.8,39.4,14.0,2,0,0,1814
42.05,-2.47,0.7,30.7,43.9,16.0,1,1,0,1815
64.2,0.78,0.57,56.4,37.4,22.9,1,0,1,1816
47.39,-1.41,1.2,32.8,34.9,24.2,2,0,1,1817
59.23,3.24,5.81,94.6,31.5,15.5,1,0,1,1818
55.62,3.21,9.29,91.5,29.1,28.9,2,1,1,1819
49.55,-0.23,4.97,61.0,28.8,17.7,2,0,0,1820
45.14,-1.49,8.43,41.9,35.9,33.1,0,0,1,1821
43.03,-1.37,4.46,44.3,38.8,26.4,1,1,1,1822
55.38,3.06,7.09,47.1,37.0,20.9,2,0,0,1823
59.37,-1.72,7.32,75.5,25.0,29.7,0,0,0,1824
56.1,-2.91,1.74,50.6,32.3,30.4,1,0,0,1825
53.26,-4.15,3.61,87.1,39.8,17.3,0,0,0,1826
41.05,-0.33,6.37,95.0,31.9,18.5,0,1,1,1827
64.21,-0.18,0.71,40.2,33.4,33.4,2,0,1,1828
59.97,3.41,3.62,60.5,39.3,14.1,1,0,1,1829
47.32,-2.79,5.35,18.6,36.5,11.1,0,0,1,1830
64.5,-1.19,9.96,28.0,30.2,21.4,2,0,1,1831
55.05,3.08,4.75,47.2,42.4,30.0,2,0,1,1832
54.56,3.24,8.16,28.6,24.1,29.3,0,1,1,1833
58.7,-1.15,4.32,88.9,44.9,33.0,0,1,1,1834
60.29,-0.41,7.96,24.2,23.0,23.3,2,0,1,1835
56.41,-1.97,5.95,51.0,20.4,12.5,0,0,0,1836
43.2,4.33,8.87,64.5,42.3,24.7,0,1,1,1837
48.46,-3.81,4.11,72.3,26.1,29.5,1,1,0,1838
63.2,4.34,6.04,44.5,38.2,12.3,2,1,0,1839
45.62,1.84,6.3,88.2,40.3,14.3,0,0,0,1840
49.3,0.32,4.17,61.1,41.5,10.3,2,0,0,1841
50.8,-4.67,1.44,49.6,44.8,24.8,1,0,1,1842
50.99,-0.24,0.94,16.1,27.4,32.2,2,0,0,1843
55.32,-0.92,0.17,51.8,37.8,26.8,2,0,0,1844
63.58,-3.39,8.74,83.9,22.9,34.6,2,0,1,1845
46.02,1.56,2.36,65.3,30.2,11.6,1,1,0,1846
43.04,4.71,2.12,84.9,41.2,32.6,1,1,1,1847
44.94,0.62,7.36,54.5,29.2,30.4,2,0,1,1848
62.17,2.15,3.2,20.7,34.8,17.9,2,0,1,1849
56.15,-4.32,5.06,11.2,32.6,34.3,1,0,1,1850
47.15,-0.82,1.63,37.3,36.1,17.2,0,1,0,1851
60.4,-3.84,9.6,72.8,44.3,32.2,1,1,1,1852
61.53,1.13,8.52,81.1,21.4,32.0,2,1,0,1853
61.16,4.38,8.64,36.6,34.3,28.9,0,1,0,1854
62.97,1.62,4.07,54.6,41.6,24.1,0,0,1,1855
46.31,-4.23,7.62,47.9,32.0,13.0,0,1,0,1856
58.88,-1.45,1.44,46.9,22.0,23.3,1,1,1,1857
51.51,0.51,0.09,30.8,34.0,18.9,1,0,0,1858
61.05,-0.97,0.2,22.3,28.3,29.8,1,0,0,1859
58.21,3.34,5.87,27.7,23.9,29.0,1,0,0,1860
59.41,3.15,4.55,15.0,41.2,32.8,2,1,0,1861
56.4,1.12,5.18,27.8,33.0,10.4,0,0,1,1862
44.44,-1.27,0.07,10.8,43.3,30.2,2,1,1,1863
53.63,-2.45,4.23,66.5,40.2,33.5,1,1,0,1864
64.62,-3.94,7.18,38.5,37.3,29.7,1,1,0,1865
63.43,-1.45,4.43,97.6,20.1,13.3,2,1,0,1866
41.08,-0.87,7.32,27.4,30.7,12.0,0,0,0,1867
44.12,1.76,2.33,41.1,24.9,10.5,0,0,1,1868
43.29,1.58,8.13,42.2,42.8,25.7,1,1,0,1869
58.15,-4.3,5.88,10.8,24.4,25.7,1,0,0,1870
60.44,-1.05,2.11,85.5,27.2,34.7,1,1,0,1871
45.34,-3.18,2.37,12.9,32.9,20.0,1,1,1,1872
52.65,-3.43,6.28,94.6,26.6,18.3,0,0,0,1873
61.02,3.27,8.3,90.3,25.2,25.6,2,0,1,1874
58.32,-4.58,4.16,58.2,35.0,30.6,0,1,1,1875
53.56,-0.81,2.58,58.9,22.2,33.4,2,0,0,1876
54.76,-3.32,8.67,68.8,21.5,30.1,1,1,0,1877
52.71,3.79,6.69,44.8,29.3,20.7,1,0,0,1878
47.44,0.57,4.48,68.3,38.0,25.9,2,1,1,1879
54.13,-2.69,4.88,14.0,33.9,31.4,1,1,1,1880
57.22,0.02,2.04,14.9,30.6,22.3,0,0,0,1881
61.83,2.31,6.27,51.2,34.1,15.4,1,0,1,1882
55.91,4.58,3.59,59.5,29.1,14.2,1,1,0,1883
59.03,-2.8,9.96,89.9,43.4,10.0,1,0,0,1884
44.0,3.86,4.8,19.4,21.4,28.0,1,0,0,1885
51.54,4.34,4.86,84.0,36.8,12.8,0,1,0,1886
40.23,4.16,5.66,28.9,42.3,16.1,2,1,0,1887
46.17,1.35,9.17,45.5,40.1,17.4,1,0,0,1888
58.16,1.3,8.01,38.5,24.6,24.0,1,0,1,1889
64.8,-0.97,4.51,46.0,27.4,19.9,0,1,1,1890
42.48,2.52,7.19,23.5,37.9,26.9,0,1,1,1891
50.04,0.31,5.86,55.3,22.1,11.4,0,1,0,1892
60.0,1.77,4.92,82.1,40.3,13.1,1,1,0,1893
45.1,-0.72,1.92,49.7,38.0,22.5,2,1,0,1894
53.88,2.31,4.64,54.2,38.2,18.4,0,1,1,1895
58.33,3.24,2.46,86.4,22.5,17.4,0,1,0,1896
55.4,-3.54,9.15,73.5,37.9,11.7,0,1,1,1897
44.7,3.33,3.35,54.1,37.0,32.4,2,0,0,1898
48.88,0.4,9.52,33.2,40.8,27.3,1,0,1,1899
59.59,3.45,5.33,89.6,21.0,13.0,1,0,0,1900
53.86,-0.69,6.32,61.9,20.6,11.6,1,1,0,1901
40.13,-1.21,5.43,29.9,29.3,34.4,0,0,1,1902
59.02,4.15,1.29,34.2,23.7,27.0,1,1,1,1903
40.88,-2.49,3.76,82.3,34.0,20.4,0,0,1,1904
58.64,3.44,0.99,14.0,42.9,27.5,2,1,0,1905
45.06,-0.16,6.23,99.3,29.8,28.9,2,1,1,1906
63.95,0.14,4.47,21.7,41.1,29.5,1,0,1,1907
49.2,-1.92,7.78,81.6,20.0,21.9,0,1,0,1908
48.17,0.73,2.2,45.5,24.2,20.7,0,0,0,1909
43.72,-1.75,1.65,54.3,20.8,10.3,1,0,1,1910
47.64,-4.61,4.06,89.3,28.2,33.2,2,0,0,1911
61.92,-2.28,9.27,47.2,42.7,25.1,2,0,1,1912
64.91,-4.94,7.1,58.4,22.4,15.1,2,0,1,1913
49.21,4.78,4.19,14.4,35.2,33.0,2,0,1,1914
51.22,4.66,5.17,10.2,31.3,32.9,2,0,0,1915
58.05,-1.05,0.84,32.0,43.5,34.7,1,0,1,1916
62.15,2.28,9.85,71.3,23.1,31.9,1,0,1,1917
54.83,-1.54,6.66,20.9,25.3,34.9,1,1,0,1918
49.79,1.71,2.85,20.2,20.7,16.1,2,1,1,1919
50.32,3.05,5.86,47.0,30.8,31.1,2,0,1,1920
57.39,4.47,1.09,68.3,26.9,30.6,1,1,1,1921
40.08,-1.0,9.66,74.1,41.7,15.8,1,1,0,1922
55.49,2.83,1.75,26.1,35.1,12.5,2,0,1,1923
48.89,-2.34,6.48,17.2,35.4,34.5,0,0,0,1924
59.85,4.9,2.45,94.6,33.3,17.4,1,1,0,1925
42.32,-4.74,7.18,33.5,22.3,31.8,2,0,1,1926
54.71,1.04,7.77,86.8,31.1,10.1,2,0,1,1927
52.02,1.6,6.73,87.7,45.0,10.5,1,0,0,1928
56.06,1.88,6.14,79.5,40.9,21.6,0,1,1,1929
41.62,-3.8,8.92,25.2,42.3,16.0,2,0,1,1930
54.5,4.39,0.79,84.0,40.6,27.2,1,1,0,1931
54.04,-3.19,3.31,79.2,22.6,24.1,2,0,1,1932
54.02,1.23,2.48,63.7,25.7,11.9,2,0,1,1933
55.09,-2.77,9.88,40.3,20.1,14.1,2,1,0,1934
56.91,-1.93,3.89,33.6,27.6,19.7,2,0,1,1935
60.12,0.46,7.33,21.0,22.7,14.6,0,1,0,1936
46.75,-0.83,6.85,55.9,31.8,29.8,1,1,0,1937
60.63,-3.4,2.12,62.7,36.9,20.4,1,0,1,1938
52.46,-3.29,2.39,42.3,41.9,12.3,1,0,0,1939
41.93,-0.82,2.81,52.8,38.7,22.1,1,1,1,1940
41.46,2.57,4.11,42.7,43.5,12.3,1,1,1,1941
48.36,3.98,2.34,67.7,21.3,13.2,0,0,0,1942
59.62,-4.16,0.2,91.1,20.3,16.0,2,0,0,1943
57.69,-1.07,8.79,24.8,36.5,31.5,2,0,0,1944
59.72,-4.0,9.66,44.3,27.2,33.1,1,0,0,1945
52.93,-4.83,3.42,22.7,26.3,30.7,2,0,0,1946
51.0,1.62,3.39,66.2,28.3,18.4,2,1,0,1947
43.69,1.02,0.07,75.6,26.7,16.8,2,1,1,1948
48.2,-3.37,6.8,93.9,32.8,23.7,1,1,1,1949
50.85,-2.66,8.25,35.1,31.0,28.0,1,1,0,1950
42.22,-4.76,1.47,95.5,32.8,34.8,0,0,1,1951
45.52,3.35,1.6,15.7,36.8,13.3,1,1,0,1952
54.96,4.75,7.9,64.3,29.7,11.2,0,0,0,1953
58.39,-3.65,6.16,15.1,26.3,27.4,1,0,1,1954
64.96,-2.69,0.45,90.4,24.2,30.8,2,0,1,1955
63.33,3.68,6.23,57.7,28.7,31.2,0,0,0,1956
56.06,4.26,3.09,70.2,38.5,27.0,0,0,0,1957
50.53,-0.8,3.69,84.8,38.9,33.9,0,1,0,1958
55.9,-4.49,7.7,23.5,36.7,22.8,1,0,1,1959
59.64,-4.61,8.11,13.5,25.9,32.8,0,0,0,1960
42.96,0.74,4.0,89.1,34.7,34.2,1,0,0,1961
50.25,-1.07,9.47,38.3,34.3,31.2,0,1,1,1962
61.0,-4.71,4.06,21.6,32.1,17.7,1,0,1,1963
49.6,0.83,7.72,52.2,33.7,14.9,0,0,1,1964
54.3,-4.89,4.84,63.8,32.3,23.7,2,0,0,1965
54.69,2.87,8.98,12.8,34.1,21.3,2,1,0,1966
44.61,-1.94,9.08,34.7,37.9,31.9,0,0,1,1967
49.06,-4.6,0.87,13.0,22.7,12.5,1,1,0,1968
48.36,0.88,9.36,47.8,38.7,16.4,1,1,0,1969
40.65,-1.02,8.26,90.6,23.4,28.8,1,0,1,1970
40.6,4.74,7.91,98.4,21.7,12.4,2,1,1,1971
60.79,0.44,2.01,67.3,44.4,18.0,2,1,0,1972
46.83,-2.25,8.05,24.5,43.9,19.7,2,0,1,1973
52.95,2.09,8.5,91.5,21.5,25.6,1,0,1,1974
47.47,-2.29,2.89,56.5,31.1,14.0,1,0,0,1975
63.52,4.04,9.52,23.8,24.7,31.5,1,0,0,1976
46.48,-1.25,0.5,93.0,32.1,21.2,0,1,0,1977
50.74,0.5,1.5,78.2,40.8,32.9,0,1,0,1978
61.82,-4.49,5.38,75.9,43.8,21.7,0,0,0,1979
61.05,-0.74,5.76,73.8,35.9,16.9,2,0,0,1980
44.65,3.32,6.45,28.0,28.8,13.5,2,0,1,1981
60.07,3.06,0.17,29.0,35.1,10.1,1,1,1,1982
51.45,-2.76,9.6,71.9,27.8,23.3,0,0,1,1983
52.07,-2.74,0.45,29.8,42.7,12.7,1,1,0,1984
43.34,3.17,1.43,49.5,41.8,19.8,0,1,0,1985
42.02,4.3,0.14,80.4,34.0,24.7,0,1,0,1986
58.2,-4.05,5.67,80.6,28.1,16.9,1,1,0,1987
52.41,-0.5,9.32,50.8,27.3,14.4,1,0,0,1988
50.92,-1.63,6.66,81.3,20.8,29.4,0,0,1,1989
58.24,3.71,8.23,85.5,40.4,33.7,0,0,0,1990
59.14,-4.16,0.13,68.9,31.3,12.5,2,1,1,1991
43.97,-2.89,5.42,30.6,28.1,13.9,1,1,0,1992
55.26,2.52,4.6,34.7,31.8,34.0,1,0,1,1993
43.38,-4.49,4.99,38.3,40.5,10.9,1,1,1,1994
58.78,-0.07,0.72,20.5,23.1,34.4,1,1,1,1995
56.42,-0.58,6.84,34.6,41.4,10.1,0,1,1,1996
63.92,-1.66,5.03,28.9,42.4,31.8,2,0,1,1997
41.72,-1.05,7.65,51.0,43.7,17.7,1,0,1,1998
41.43,0.3,4.85,91.8,29.9,33.5,0,0,1,1999
47.05,-3.39,1.49,19.4,25.4,17.9,0,1,0,2000
